0,1,2,3,4,5,6,7,8,9
-0.5392322668017888,-0.5024451714361923,0.0,1.0,0.0,0.0,1.0,0.0,0.0,1.0
0.6610317898203794,0.7868452935884461,1.0,0.0,1.0,0.0,0.0,1.0,0.0,0.0
-0.23916625264624677,-0.4888542575852486,1.0,0.0,0.0,0.0,1.0,0.0,0.0,1.0
0.43598227920372284,0.4207302360686478,1.0,0.0,1.0,0.0,0.0,0.0,0.0,1.0
0.43598227920372284,-0.4863374216869257,0.0,1.0,0.0,0.0,1.0,0.0,0.0,1.0
-0.3141827561851323,-0.47811642890864375,0.0,1.0,0.0,0.0,1.0,0.0,1.0,0.0
1.8612958464425475,0.395813560675251,0.0,1.0,1.0,0.0,0.0,0.0,0.0,1.0
-2.039562337579499,-0.22408312108167944,0.0,1.0,0.0,0.0,1.0,0.0,0.0,1.0
-0.16414974910736124,-0.4242561406845337,1.0,0.0,0.0,0.0,1.0,0.0,0.0,1.0
-1.1393642951128728,-0.04295550208861426,1.0,0.0,0.0,1.0,0.0,1.0,0.0,0.0
-1.889529330501728,-0.312172377522981,1.0,0.0,0.0,0.0,1.0,0.0,0.0,1.0
2.1613618605980895,-0.11384570873513637,1.0,0.0,1.0,0.0,0.0,0.0,0.0,1.0
-0.6892652738795598,-0.4863374216869257,0.0,1.0,0.0,0.0,1.0,0.0,0.0,1.0
0.7360482933592649,-0.01870931177853076,0.0,1.0,0.0,0.0,1.0,0.0,0.0,1.0
-1.1393642951128728,-0.4902797934380587,1.0,0.0,0.0,0.0,1.0,0.0,0.0,1.0
1.9363123499814332,-0.3262666585535892,1.0,0.0,0.0,1.0,0.0,0.0,0.0,1.0
-2.039562337579499,-0.06199888922968463,0.0,1.0,0.0,0.0,1.0,0.0,1.0,0.0
0.02339150973985253,-0.3866707201133388,0.0,1.0,0.0,1.0,0.0,0.0,0.0,1.0
0.1359162650481808,-0.2859972841804228,1.0,0.0,0.0,0.0,1.0,0.0,0.0,1.0
-0.5392322668017888,-0.5029485386158568,1.0,0.0,0.0,0.0,1.0,1.0,0.0,0.0
0.43598227920372284,-0.12491978668775715,0.0,1.0,0.0,1.0,0.0,0.0,0.0,1.0
0.36096577566483734,-0.3866707201133388,0.0,1.0,0.0,1.0,0.0,0.0,0.0,1.0
-1.0643477915739874,-0.4867562231804066,1.0,0.0,0.0,0.0,1.0,0.0,1.0,0.0
-0.08913324556847574,0.06635974158478332,0.0,1.0,1.0,0.0,0.0,0.0,0.0,1.0
-1.589463316346186,-0.22408312108167944,1.0,0.0,0.0,0.0,1.0,0.0,0.0,1.0
0.6610317898203794,-0.016444159470040135,1.0,0.0,0.0,0.0,1.0,0.0,0.0,1.0
-0.3141827561851323,-0.5029485386158568,0.0,1.0,0.0,0.0,1.0,1.0,0.0,0.0
-0.7642817774184454,4.647001076532463,0.0,1.0,1.0,0.0,0.0,0.0,0.0,1.0
-0.5392322668017888,-0.48977642625839407,1.0,0.0,0.0,0.0,1.0,0.0,1.0,0.0
-0.3141827561851323,-0.4894421904510968,0.0,1.0,0.0,0.0,1.0,0.0,0.0,1.0
0.8110647968981505,-0.09027201697708476,0.0,1.0,1.0,0.0,0.0,1.0,0.0,0.0
0.5109987827426083,2.301728820789,1.0,0.0,1.0,0.0,0.0,1.0,0.0,0.0
-0.5392322668017888,-0.49237782784290063,1.0,0.0,0.0,0.0,1.0,0.0,1.0,0.0
2.7614938889091736,-0.43700743807979686,0.0,1.0,0.0,1.0,0.0,0.0,0.0,1.0
-0.08913324556847574,1.0060617003323709,0.0,1.0,1.0,0.0,0.0,1.0,0.0,0.0
0.9610978039759215,0.39858208016340624,0.0,1.0,1.0,0.0,0.0,0.0,0.0,1.0
-0.3141827561851323,-0.5028639729296732,0.0,1.0,0.0,0.0,1.0,1.0,0.0,0.0
-0.6142487703406744,-0.4863374216869257,0.0,1.0,0.0,0.0,1.0,0.0,0.0,1.0
-0.8392982809573308,-0.2859972841804228,1.0,0.0,0.0,0.0,1.0,0.0,0.0,1.0
-1.1393642951128728,-0.42207354059350805,1.0,0.0,0.0,0.0,1.0,1.0,0.0,0.0
0.8110647968981505,-0.4576454924460446,1.0,0.0,0.0,0.0,1.0,0.0,0.0,1.0
-0.16414974910736124,-0.22559322262067316,1.0,0.0,0.0,1.0,0.0,0.0,0.0,1.0
-0.3141827561851323,-0.4894421904510968,0.0,1.0,0.0,0.0,1.0,1.0,0.0,0.0
-1.9645458340406137,0.18876253192945994,1.0,0.0,0.0,1.0,0.0,1.0,0.0,0.0
-0.7642817774184454,-0.48977642625839407,1.0,0.0,0.0,0.0,1.0,0.0,1.0,0.0
-0.3141827561851323,-0.4863374216869257,0.0,1.0,0.0,0.0,1.0,0.0,0.0,1.0
-0.3141827561851323,-0.3363340021468808,0.0,1.0,0.0,0.0,1.0,0.0,1.0,0.0
-0.5392322668017888,-0.49237782784290063,1.0,0.0,0.0,0.0,1.0,0.0,1.0,0.0
-0.3141827561851323,-0.21191774308354583,0.0,1.0,0.0,0.0,1.0,1.0,0.0,0.0
-0.8392982809573308,-0.29002422161773944,1.0,0.0,0.0,0.0,1.0,0.0,0.0,1.0
-1.6644798198850714,0.1506737441786005,0.0,1.0,0.0,0.0,1.0,0.0,0.0,1.0
-0.6142487703406744,-0.4913710934835715,0.0,1.0,0.0,0.0,1.0,0.0,0.0,1.0
1.48621332874812,0.8964967865378598,1.0,0.0,1.0,0.0,0.0,1.0,0.0,0.0
-0.014116742029590228,-0.12491978668775715,1.0,0.0,0.0,1.0,0.0,0.0,0.0,1.0
2.686477385370288,0.5995101505357573,0.0,1.0,1.0,0.0,0.0,1.0,0.0,0.0
0.9610978039759215,0.06635974158478332,0.0,1.0,1.0,0.0,0.0,0.0,0.0,1.0
-0.6142487703406744,-0.43700743807979686,1.0,0.0,0.0,1.0,0.0,0.0,0.0,1.0
-0.05162499379903299,-0.5028639729296732,0.0,1.0,0.0,0.0,1.0,1.0,0.0,0.0
-1.8145128269628426,-0.08968408411123653,1.0,0.0,0.0,1.0,0.0,0.0,0.0,1.0
-1.3644138057295294,0.2958951755118318,0.0,1.0,0.0,0.0,1.0,0.0,0.0,1.0
-0.5392322668017888,-0.5028639729296732,0.0,1.0,0.0,0.0,1.0,1.0,0.0,0.0
0.6610317898203794,0.962353321387736,1.0,0.0,1.0,0.0,0.0,0.0,0.0,1.0
1.186147314592578,1.0323213593611125,0.0,1.0,1.0,0.0,0.0,0.0,0.0,1.0
-1.889529330501728,-0.08666388103324908,0.0,1.0,0.0,0.0,1.0,0.0,0.0,1.0
0.9610978039759215,-0.09027201697708476,0.0,1.0,1.0,0.0,0.0,1.0,0.0,0.0
-0.3141827561851323,-0.3414522396297103,0.0,1.0,0.0,0.0,1.0,1.0,0.0,0.0
-0.014116742029590228,-0.43700743807979686,1.0,0.0,0.0,1.0,0.0,0.0,0.0,1.0
-0.7642817774184454,-0.4841568350646187,0.0,1.0,0.0,0.0,1.0,0.0,0.0,1.0
-0.9143147844962164,-0.4888542575852486,1.0,0.0,0.0,0.0,1.0,0.0,0.0,1.0
-0.23916625264624677,-0.47400492578514347,0.0,1.0,0.0,0.0,1.0,0.0,0.0,1.0
0.2109327685870663,-0.43700743807979686,0.0,1.0,0.0,1.0,0.0,0.0,0.0,1.0
-0.989331288035102,0.2958951755118318,1.0,0.0,0.0,0.0,1.0,0.0,0.0,1.0
-0.6142487703406744,0.8314778546749452,0.0,1.0,0.0,1.0,0.0,0.0,0.0,1.0
-0.23916625264624677,-0.3573908580066095,0.0,1.0,0.0,0.0,1.0,1.0,0.0,0.0
0.2109327685870663,0.48910360681684706,0.0,1.0,0.0,0.0,1.0,0.0,0.0,1.0
-0.3141827561851323,-0.494391296561559,0.0,1.0,0.0,0.0,1.0,0.0,0.0,1.0
-0.3141827561851323,-0.4894421904510968,0.0,1.0,0.0,0.0,1.0,0.0,0.0,1.0
-0.3141827561851323,-0.4863374216869257,0.0,1.0,0.0,0.0,1.0,0.0,0.0,1.0
-2.127331646719995,-0.06451572512800753,0.0,1.0,0.0,1.0,0.0,0.0,0.0,1.0
0.06089976150929528,-0.397241430886295,1.0,0.0,0.0,0.0,1.0,0.0,0.0,1.0
-0.5392322668017888,-0.46720946885967163,0.0,1.0,0.0,0.0,1.0,0.0,0.0,1.0
-0.014116742029590228,-0.45714212526638004,0.0,1.0,0.0,0.0,1.0,0.0,0.0,1.0
-0.5392322668017888,-0.49162277707340374,1.0,0.0,0.0,0.0,1.0,0.0,1.0,0.0
-0.08913324556847574,0.29992211294914856,0.0,1.0,1.0,0.0,0.0,0.0,0.0,1.0
-0.9143147844962164,-0.43700743807979686,1.0,0.0,0.0,1.0,0.0,0.0,0.0,1.0
0.28594927212595184,-0.32928686163157667,1.0,0.0,0.0,0.0,1.0,0.0,0.0,1.0
-0.989331288035102,0.04370821849987721,0.0,1.0,0.0,0.0,1.0,0.0,0.0,1.0
-0.3141827561851323,-0.4863374216869257,0.0,1.0,0.0,0.0,1.0,0.0,0.0,1.0
-0.4642157632629033,4.647001076532463,1.0,0.0,1.0,0.0,0.0,0.0,0.0,1.0
-0.3891992597240178,-0.4863374216869257,0.0,1.0,0.0,0.0,1.0,0.0,0.0,1.0
-0.014116742029590228,-0.4863374216869257,0.0,1.0,0.0,0.0,1.0,0.0,0.0,1.0
-0.6892652738795598,-0.4902797934380587,0.0,1.0,0.0,0.0,1.0,0.0,0.0,1.0
1.2611638181314635,0.5833178351003071,0.0,1.0,1.0,0.0,0.0,0.0,0.0,1.0
-0.23916625264624677,-0.23415046467497105,0.0,1.0,0.0,0.0,1.0,0.0,0.0,1.0
2.236378364136975,-0.5024451714361923,0.0,1.0,0.0,0.0,1.0,0.0,0.0,1.0
-0.3141827561851323,-0.4863374216869257,0.0,1.0,0.0,0.0,1.0,0.0,0.0,1.0
3.1365764066036013,0.0493298231623713,0.0,1.0,1.0,0.0,0.0,1.0,0.0,0.0
-0.4642157632629033,0.6272778976347743,0.0,1.0,1.0,0.0,0.0,1.0,0.0,0.0
0.36096577566483734,-0.18532384824750675,1.0,0.0,0.0,1.0,0.0,0.0,0.0,1.0
0.36096577566483734,-0.12491978668775715,0.0,1.0,0.0,1.0,0.0,0.0,0.0,1.0
-0.08913324556847574,-0.4894421904510968,1.0,0.0,0.0,0.0,1.0,0.0,0.0,1.0
-0.3141827561851323,-0.4894421904510968,0.0,1.0,0.0,0.0,1.0,0.0,0.0,1.0
-0.6142487703406744,0.907737982394129,0.0,1.0,1.0,0.0,0.0,0.0,0.0,1.0
0.28594927212595184,-0.4741720436887921,0.0,1.0,0.0,0.0,1.0,0.0,0.0,1.0
0.5860152862814939,-0.4888542575852486,0.0,1.0,0.0,0.0,1.0,0.0,0.0,1.0
-0.08913324556847574,-0.4894421904510968,0.0,1.0,0.0,0.0,1.0,0.0,0.0,1.0
-0.6142487703406744,-0.494391296561559,1.0,0.0,0.0,0.0,1.0,0.0,0.0,1.0
-0.3141827561851323,-0.4918744606632361,0.0,1.0,0.0,0.0,1.0,0.0,0.0,1.0
0.6610317898203794,-0.4894421904510968,0.0,1.0,0.0,0.0,1.0,0.0,0.0,1.0
-0.5392322668017888,-0.1621689579829361,1.0,0.0,0.0,0.0,1.0,0.0,1.0,0.0
1.336180321670349,0.39858208016340624,0.0,1.0,1.0,0.0,0.0,0.0,0.0,1.0
-1.1018560433434301,-0.3573908580066095,1.0,0.0,0.0,0.0,1.0,1.0,0.0,0.0
-0.5392322668017888,-0.4863374216869257,0.0,1.0,0.0,0.0,1.0,0.0,0.0,1.0
-0.6892652738795598,-0.4505983519307405,1.0,0.0,0.0,0.0,1.0,0.0,0.0,1.0
-0.9143147844962164,-0.3573083057891445,1.0,0.0,0.0,0.0,1.0,1.0,0.0,0.0
-0.6142487703406744,-0.4888542575852486,0.0,1.0,0.0,0.0,1.0,0.0,0.0,1.0
3.0990681548341588,-0.49237782784290063,0.0,1.0,0.0,0.0,1.0,0.0,1.0,0.0
-0.014116742029590228,-0.22559322262067316,0.0,1.0,0.0,1.0,0.0,0.0,0.0,1.0
-0.3891992597240178,4.335332226633905,0.0,1.0,1.0,0.0,0.0,1.0,0.0,0.0
-2.039562337579499,-0.01870931177853076,1.0,0.0,0.0,0.0,1.0,0.0,0.0,1.0
-0.6142487703406744,0.8314778546749452,0.0,1.0,0.0,1.0,0.0,0.0,0.0,1.0
-0.3141827561851323,-0.4863374216869257,0.0,1.0,0.0,0.0,1.0,0.0,0.0,1.0
0.24844102035650908,-0.04295550208861426,0.0,1.0,0.0,1.0,0.0,1.0,0.0,0.0
0.24844102035650908,-0.3866707201133388,1.0,0.0,0.0,1.0,0.0,0.0,0.0,1.0
1.8612958464425475,0.907737982394129,0.0,1.0,1.0,0.0,0.0,0.0,0.0,1.0
-1.289397302190644,-0.42207354059350805,0.0,1.0,0.0,0.0,1.0,1.0,0.0,0.0
-0.3141827561851323,-0.49237782784290063,0.0,1.0,0.0,0.0,1.0,0.0,1.0,0.0
-0.3891992597240178,-0.5046257580584992,0.0,1.0,0.0,0.0,1.0,0.0,0.0,1.0
-0.5392322668017888,-0.19824427701513722,1.0,0.0,0.0,0.0,1.0,1.0,0.0,0.0
1.186147314592578,-0.5079822104125026,0.0,1.0,0.0,0.0,1.0,0.0,0.0,1.0
0.28594927212595184,-0.4894421904510968,0.0,1.0,0.0,0.0,1.0,1.0,0.0,0.0
-0.6892652738795598,-0.5064721088735089,0.0,1.0,0.0,0.0,1.0,0.0,0.0,1.0
1.336180321670349,-0.35646868933346404,1.0,0.0,0.0,0.0,1.0,0.0,0.0,1.0
-0.014116742029590228,-0.12491978668775715,1.0,0.0,0.0,1.0,0.0,0.0,0.0,1.0
-0.3141827561851323,-0.3866707201133388,0.0,1.0,0.0,1.0,0.0,0.0,0.0,1.0
-0.4642157632629033,-0.3454791770670269,0.0,1.0,0.0,1.0,0.0,1.0,0.0,0.0
-0.7642817774184454,-0.11921562980779811,1.0,0.0,1.0,0.0,0.0,0.0,0.0,1.0
0.5860152862814939,0.4207302360686478,0.0,1.0,1.0,0.0,0.0,0.0,0.0,1.0
-0.989331288035102,-0.4628462821463391,0.0,1.0,0.0,0.0,1.0,0.0,0.0,1.0
-0.3891992597240178,0.9462455716384695,0.0,1.0,1.0,0.0,0.0,1.0,0.0,0.0
-0.5392322668017888,-0.3414522396297103,1.0,0.0,0.0,0.0,1.0,1.0,0.0,0.0
-0.5392322668017888,-0.49237782784290063,1.0,0.0,0.0,0.0,1.0,0.0,0.0,1.0
-0.3891992597240178,-0.32928686163157667,1.0,0.0,0.0,0.0,1.0,0.0,0.0,1.0
-0.7642817774184454,-0.5125125150294839,0.0,1.0,0.0,0.0,1.0,0.0,1.0,0.0
-0.8392982809573308,-0.41687275089321363,0.0,1.0,0.0,1.0,0.0,0.0,0.0,1.0
-0.7642817774184454,0.09152810056801232,0.0,1.0,0.0,1.0,0.0,0.0,0.0,1.0
-0.16414974910736124,-0.49145565916975514,0.0,1.0,0.0,0.0,1.0,0.0,0.0,1.0
-1.5144468128073005,0.04370821849987721,1.0,0.0,0.0,0.0,1.0,0.0,0.0,1.0
0.5485070345120511,-0.12491978668775715,0.0,1.0,0.0,1.0,0.0,0.0,0.0,1.0
0.9610978039759215,-0.3866707201133388,0.0,1.0,0.0,1.0,0.0,0.0,0.0,1.0
1.6362463358258912,-0.39623469652696586,0.0,1.0,0.0,1.0,0.0,0.0,0.0,1.0
-0.5392322668017888,0.6925485130875209,1.0,0.0,1.0,0.0,0.0,0.0,0.0,1.0
1.973820601750876,-0.4863374216869257,0.0,1.0,0.0,0.0,1.0,0.0,0.0,1.0
0.8485730486675932,-0.35646868933346404,0.0,1.0,0.0,0.0,1.0,0.0,0.0,1.0
-0.3141827561851323,-0.5011867534870308,0.0,1.0,0.0,0.0,1.0,0.0,0.0,1.0
1.6362463358258912,0.5874293382238074,0.0,1.0,1.0,0.0,0.0,1.0,0.0,0.0
-0.989331288035102,-0.49271407711891657,1.0,0.0,0.0,0.0,1.0,0.0,1.0,0.0
0.06089976150929528,-0.4863374216869257,0.0,1.0,0.0,0.0,1.0,0.0,0.0,1.0
-0.3141827561851323,-0.47400492578514347,0.0,1.0,0.0,0.0,1.0,0.0,0.0,1.0
-0.3141827561851323,0.7519458402879414,0.0,1.0,0.0,0.0,1.0,0.0,0.0,1.0
1.1111308110536924,-0.32425318983493084,0.0,1.0,0.0,0.0,1.0,0.0,0.0,1.0
0.8110647968981505,-0.331300330350235,1.0,0.0,0.0,1.0,0.0,0.0,0.0,1.0
-0.23916625264624677,-0.4918744606632361,0.0,1.0,0.0,0.0,1.0,0.0,0.0,1.0
-0.9143147844962164,-0.47400492578514347,0.0,1.0,0.0,0.0,1.0,0.0,0.0,1.0
-2.1145788411183846,0.1506737441786005,0.0,1.0,0.0,0.0,1.0,0.0,0.0,1.0
-1.5144468128073005,-0.2351571990343002,0.0,1.0,0.0,0.0,1.0,0.0,0.0,1.0
0.5109987827426083,0.4589861417231558,1.0,0.0,1.0,0.0,0.0,0.0,0.0,1.0
1.186147314592578,-0.08666388103324908,1.0,0.0,0.0,0.0,1.0,0.0,0.0,1.0
0.9610978039759215,-0.12642988822675086,0.0,1.0,1.0,0.0,0.0,0.0,0.0,1.0
-0.08913324556847574,0.48910360681684706,0.0,1.0,0.0,0.0,1.0,0.0,0.0,1.0
2.3864113712147463,0.026090367211616904,0.0,1.0,1.0,0.0,0.0,0.0,0.0,1.0
-1.889529330501728,-0.06199888922968463,0.0,1.0,0.0,0.0,1.0,0.0,1.0,0.0
-2.1145788411183846,-0.4242561406845337,1.0,0.0,0.0,0.0,1.0,0.0,0.0,1.0
-0.6142487703406744,-0.4888542575852486,0.0,1.0,0.0,0.0,1.0,0.0,0.0,1.0
2.0113288535203186,-0.030371322596999754,0.0,1.0,1.0,0.0,0.0,1.0,0.0,0.0
-0.8392982809573308,-0.4902797934380587,0.0,1.0,0.0,0.0,1.0,0.0,0.0,1.0
-0.3141827561851323,-0.13565761536436197,0.0,1.0,0.0,0.0,1.0,0.0,0.0,1.0
1.5612298322870055,-0.07030444769415023,1.0,0.0,1.0,0.0,0.0,1.0,0.0,0.0
0.06089976150929528,-0.3866707201133388,0.0,1.0,0.0,1.0,0.0,0.0,0.0,1.0
0.5109987827426083,-0.6484216535389205,0.0,1.0,0.0,0.0,1.0,0.0,0.0,1.0
-0.5392322668017888,0.7519458402879414,1.0,0.0,0.0,0.0,1.0,0.0,0.0,1.0
0.02339150973985253,-0.34539461138084326,0.0,1.0,0.0,1.0,0.0,1.0,0.0,0.0
-1.5144468128073005,-0.016444159470040135,0.0,1.0,0.0,0.0,1.0,0.0,0.0,1.0
-2.1145788411183846,0.13683114673782454,0.0,1.0,0.0,1.0,0.0,0.0,0.0,1.0
-1.889529330501728,-0.20495516825442542,1.0,0.0,0.0,0.0,1.0,0.0,0.0,1.0
0.9610978039759215,0.3583127057902398,0.0,1.0,1.0,0.0,0.0,0.0,0.0,1.0
-0.5392322668017888,-0.3363340021468808,1.0,0.0,0.0,0.0,1.0,0.0,1.0,0.0
1.186147314592578,-0.11384570873513637,0.0,1.0,1.0,0.0,0.0,0.0,0.0,1.0
0.8110647968981505,-0.3363340021468808,0.0,1.0,0.0,0.0,1.0,0.0,1.0,0.0
0.5109987827426083,-0.4894421904510968,0.0,1.0,0.0,0.0,1.0,0.0,0.0,1.0
0.2109327685870663,-0.3866707201133388,1.0,0.0,0.0,1.0,0.0,0.0,0.0,1.0
-0.7642817774184454,-0.3866707201133388,0.0,1.0,0.0,1.0,0.0,0.0,0.0,1.0
-0.7642817774184454,-0.4902797934380587,1.0,0.0,0.0,0.0,1.0,0.0,0.0,1.0
-1.9645458340406137,-0.12491978668775715,0.0,1.0,0.0,1.0,0.0,0.0,0.0,1.0
1.1111308110536924,-0.09027201697708476,1.0,0.0,1.0,0.0,0.0,1.0,0.0,0.0
2.1613618605980895,2.301728820789,1.0,0.0,1.0,0.0,0.0,1.0,0.0,0.0
-0.3141827561851323,-0.49237782784290063,0.0,1.0,0.0,0.0,1.0,0.0,1.0,0.0
0.9610978039759215,-0.47920571548543794,0.0,1.0,0.0,0.0,1.0,0.0,0.0,1.0
-0.5392322668017888,-0.49237782784290063,1.0,0.0,0.0,0.0,1.0,0.0,1.0,0.0
-0.3891992597240178,-0.3866707201133388,1.0,0.0,0.0,1.0,0.0,0.0,0.0,1.0
-0.08913324556847574,-0.45714212526638004,0.0,1.0,0.0,0.0,1.0,0.0,0.0,1.0
-0.3141827561851323,0.7519458402879414,0.0,1.0,0.0,0.0,1.0,0.0,0.0,1.0
0.36096577566483734,-0.5176307525123133,0.0,1.0,0.0,0.0,1.0,0.0,0.0,1.0
1.2236555663620208,-0.5029485386158568,0.0,1.0,0.0,0.0,1.0,1.0,0.0,0.0
-0.8392982809573308,-0.4863374216869257,0.0,1.0,0.0,0.0,1.0,0.0,0.0,1.0
-2.039562337579499,-0.43776248884929375,1.0,0.0,0.0,0.0,1.0,0.0,0.0,1.0
0.2109327685870663,-0.32928686163157667,0.0,1.0,0.0,0.0,1.0,0.0,0.0,1.0
-0.23916625264624677,-0.2701412180209885,0.0,1.0,0.0,0.0,1.0,1.0,0.0,0.0
-0.989331288035102,-0.49237782784290063,1.0,0.0,0.0,0.0,1.0,0.0,1.0,0.0
0.8110647968981505,-0.024246350754841113,0.0,1.0,1.0,0.0,0.0,1.0,0.0,0.0
-0.3891992597240178,-0.5064721088735089,0.0,1.0,0.0,0.0,1.0,0.0,0.0,1.0
0.43598227920372284,-0.22559322262067316,1.0,0.0,0.0,1.0,0.0,0.0,0.0,1.0
-0.5392322668017888,-0.5024451714361923,0.0,1.0,0.0,0.0,1.0,0.0,0.0,1.0
0.06089976150929528,-0.3866707201133388,0.0,1.0,0.0,1.0,0.0,0.0,0.0,1.0
-0.3141827561851323,-0.49237782784290063,0.0,1.0,0.0,0.0,1.0,0.0,1.0,0.0
0.1359162650481808,1.6323350375212924,1.0,0.0,1.0,0.0,0.0,1.0,0.0,0.0
-0.16414974910736124,-0.4888542575852486,1.0,0.0,0.0,0.0,1.0,0.0,0.0,1.0
0.9610978039759215,-0.10478509950117394,0.0,1.0,0.0,1.0,0.0,0.0,0.0,1.0
0.2109327685870663,0.8876878608937296,1.0,0.0,1.0,0.0,0.0,1.0,0.0,0.0
0.06089976150929528,-0.43700743807979686,0.0,1.0,0.0,1.0,0.0,0.0,0.0,1.0
-0.989331288035102,-0.4863374216869257,0.0,1.0,0.0,0.0,1.0,0.0,0.0,1.0
-0.16414974910736124,-0.3866707201133388,0.0,1.0,0.0,1.0,0.0,0.0,0.0,1.0
1.6362463358258912,-0.4863374216869257,0.0,1.0,0.0,0.0,1.0,0.0,0.0,1.0
-0.3141827561851323,-0.4894421904510968,0.0,1.0,0.0,0.0,1.0,0.0,0.0,1.0
0.6610317898203794,1.163700193253568,0.0,1.0,1.0,0.0,0.0,0.0,0.0,1.0
-0.5392322668017888,-0.4601623283443675,0.0,1.0,0.0,0.0,1.0,0.0,0.0,1.0
-0.7642817774184454,-0.43700743807979686,0.0,1.0,0.0,1.0,0.0,0.0,0.0,1.0
-0.6517570221101171,-0.5024451714361923,0.0,1.0,0.0,0.0,1.0,0.0,0.0,1.0
-0.8392982809573308,-0.3866707201133388,0.0,1.0,0.0,1.0,0.0,0.0,0.0,1.0
-0.5392322668017888,-0.13565761536436197,1.0,0.0,0.0,0.0,1.0,0.0,0.0,1.0
0.43598227920372284,1.0323213593611125,1.0,0.0,1.0,0.0,0.0,0.0,0.0,1.0
-0.014116742029590228,-0.4918744606632361,0.0,1.0,0.0,0.0,1.0,0.0,0.0,1.0
2.236378364136975,-0.3766033765200472,0.0,1.0,0.0,1.0,0.0,0.0,0.0,1.0
-1.8145128269628426,-0.016444159470040135,1.0,0.0,0.0,0.0,1.0,0.0,0.0,1.0
-0.3891992597240178,-0.43700743807979686,0.0,1.0,0.0,1.0,0.0,0.0,0.0,1.0
-0.5392322668017888,-0.49640476528021726,1.0,0.0,0.0,0.0,1.0,0.0,0.0,1.0
1.1111308110536924,-0.12491978668775715,0.0,1.0,0.0,1.0,0.0,0.0,0.0,1.0
-1.589463316346186,-0.11988611489111134,1.0,0.0,0.0,1.0,0.0,0.0,0.0,1.0
-0.7642817774184454,-0.43700743807979686,0.0,1.0,0.0,1.0,0.0,0.0,0.0,1.0
0.28594927212595184,-0.4012683683236117,0.0,1.0,0.0,1.0,0.0,0.0,0.0,1.0
-0.5392322668017888,-0.3573908580066095,1.0,0.0,0.0,0.0,1.0,1.0,0.0,0.0
-0.5392322668017888,-0.3363340021468808,1.0,0.0,0.0,0.0,1.0,0.0,1.0,0.0
-0.014116742029590228,-0.43700743807979686,0.0,1.0,0.0,1.0,0.0,0.0,0.0,1.0
-0.5392322668017888,-0.5049620073345151,0.0,1.0,0.0,0.0,1.0,0.0,0.0,1.0
0.06089976150929528,-0.5029485386158568,0.0,1.0,0.0,0.0,1.0,1.0,0.0,0.0
1.1111308110536924,1.163700193253568,0.0,1.0,1.0,0.0,0.0,0.0,1.0,0.0
-0.3141827561851323,-0.4918744606632361,1.0,0.0,0.0,0.0,1.0,0.0,0.0,1.0
-0.3891992597240178,-0.35646868933346404,1.0,0.0,0.0,1.0,0.0,0.0,0.0,1.0
0.5860152862814939,0.40974072380221066,0.0,1.0,1.0,0.0,0.0,0.0,0.0,1.0
1.8612958464425475,-0.12491978668775715,0.0,1.0,0.0,1.0,0.0,0.0,0.0,1.0
-0.3141827561851323,-0.5024451714361923,0.0,1.0,0.0,0.0,1.0,0.0,0.0,1.0
-0.014116742029590228,-0.43776248884929375,1.0,0.0,0.0,0.0,1.0,0.0,0.0,1.0
2.461427874753632,-0.11384570873513637,0.0,1.0,1.0,0.0,0.0,0.0,0.0,1.0
0.06089976150929528,-0.32425318983493084,0.0,1.0,0.0,0.0,1.0,0.0,0.0,1.0
0.8860813004370359,-0.2414492887801075,1.0,0.0,0.0,0.0,1.0,0.0,0.0,1.0
-0.014116742029590228,-0.3414522396297103,1.0,0.0,0.0,0.0,1.0,1.0,0.0,0.0
0.5109987827426083,0.9462455716384695,1.0,0.0,1.0,0.0,0.0,1.0,0.0,0.0
0.06089976150929528,1.093228788100527,1.0,0.0,1.0,0.0,0.0,0.0,0.0,1.0
0.43598227920372284,9.667166525013505,1.0,0.0,1.0,0.0,0.0,1.0,0.0,0.0
1.5612298322870055,-0.12491978668775715,1.0,0.0,0.0,1.0,0.0,0.0,0.0,1.0
-0.3141827561851323,-0.49237782784290063,0.0,1.0,0.0,0.0,1.0,0.0,1.0,0.0
-1.9645458340406137,-0.016444159470040135,0.0,1.0,0.0,0.0,1.0,0.0,0.0,1.0
1.7112628393647766,0.955306180872432,0.0,1.0,1.0,0.0,0.0,0.0,0.0,1.0
0.8110647968981505,-0.6484216535389205,0.0,1.0,1.0,0.0,0.0,0.0,0.0,1.0
-0.5392322668017888,-0.49237782784290063,1.0,0.0,0.0,0.0,1.0,0.0,1.0,0.0
0.5109987827426083,-0.43700743807979686,0.0,1.0,0.0,1.0,0.0,0.0,0.0,1.0
-0.989331288035102,0.1506737441786005,0.0,1.0,0.0,0.0,1.0,0.0,0.0,1.0
-0.3141827561851323,-0.4918744606632361,0.0,1.0,0.0,0.0,1.0,0.0,0.0,1.0
2.1613618605980895,2.441497778832105,1.0,0.0,1.0,0.0,0.0,0.0,0.0,1.0
0.43598227920372284,2.0825124140450755,1.0,0.0,1.0,0.0,0.0,0.0,0.0,1.0
0.9610978039759215,-0.024246350754841113,0.0,1.0,1.0,0.0,0.0,0.0,0.0,1.0
-0.3141827561851323,-0.6484216535389205,0.0,1.0,0.0,0.0,1.0,0.0,0.0,1.0
0.8860813004370359,-0.255795253400548,1.0,0.0,0.0,1.0,0.0,0.0,0.0,1.0
0.5860152862814939,-0.05042144409739929,0.0,1.0,1.0,0.0,0.0,1.0,0.0,0.0
-0.5392322668017888,-0.49237782784290063,1.0,0.0,0.0,0.0,1.0,0.0,1.0,0.0
2.5364443782925172,0.921244330558889,1.0,0.0,1.0,0.0,0.0,0.0,0.0,1.0
1.186147314592578,-0.49237782784290063,1.0,0.0,0.0,0.0,1.0,0.0,0.0,1.0
0.02339150973985253,-0.6484216535389205,0.0,1.0,0.0,1.0,0.0,0.0,0.0,1.0
-1.6644798198850714,-0.06199888922968463,0.0,1.0,0.0,0.0,1.0,0.0,1.0,0.0
0.43598227920372284,-0.24069423801061057,1.0,0.0,0.0,0.0,1.0,0.0,0.0,1.0
2.686477385370288,-0.49237782784290063,0.0,1.0,0.0,0.0,1.0,0.0,1.0,0.0
-0.08913324556847574,-0.4902797934380587,0.0,1.0,0.0,0.0,1.0,0.0,0.0,1.0
-0.989331288035102,-0.45714212526638004,0.0,1.0,0.0,0.0,1.0,0.0,0.0,1.0
-0.7642817774184454,-0.4863374216869257,0.0,1.0,0.0,0.0,1.0,0.0,0.0,1.0
0.9610978039759215,-0.12491978668775715,0.0,1.0,1.0,0.0,0.0,0.0,0.0,1.0
0.28594927212595184,-0.47400492578514347,0.0,1.0,0.0,0.0,1.0,1.0,0.0,0.0
0.06089976150929528,-0.45714212526638004,0.0,1.0,0.0,0.0,1.0,0.0,0.0,1.0
-0.5392322668017888,-0.4894421904510968,0.0,1.0,0.0,0.0,1.0,0.0,0.0,1.0
0.9610978039759215,-0.3866707201133388,0.0,1.0,0.0,1.0,0.0,0.0,0.0,1.0
-0.5392322668017888,-0.49237782784290063,1.0,0.0,0.0,0.0,1.0,0.0,1.0,0.0
-0.23916625264624677,0.9391984311231651,1.0,0.0,1.0,0.0,0.0,0.0,0.0,1.0
-0.7642817774184454,1.1854295476653287,1.0,0.0,1.0,0.0,0.0,1.0,0.0,0.0
0.5109987827426083,-0.3891875560116617,0.0,1.0,0.0,1.0,0.0,1.0,0.0,0.0
-0.3891992597240178,-0.4702296719376591,1.0,0.0,0.0,0.0,1.0,0.0,0.0,1.0
-0.3891992597240178,-0.4894421904510968,0.0,1.0,0.0,0.0,1.0,0.0,0.0,1.0
0.9610978039759215,-0.09027201697708476,0.0,1.0,1.0,0.0,0.0,1.0,0.0,0.0
-0.42670751149346053,-0.5028639729296732,0.0,1.0,0.0,0.0,1.0,1.0,0.0,0.0
-2.039562337579499,2.4029901895877646,1.0,0.0,1.0,0.0,0.0,0.0,0.0,1.0
0.9610978039759215,-0.034313694348132716,0.0,1.0,1.0,0.0,0.0,0.0,0.0,1.0
1.5612298322870055,4.335332226633905,1.0,0.0,1.0,0.0,0.0,1.0,0.0,0.0
-0.5392322668017888,-0.49237782784290063,1.0,0.0,0.0,0.0,1.0,0.0,1.0,0.0
-0.3141827561851323,-0.18029017645086096,0.0,1.0,0.0,0.0,1.0,0.0,1.0,0.0
-0.7642817774184454,-0.6484216535389205,0.0,1.0,0.0,0.0,1.0,0.0,0.0,1.0
-0.08913324556847574,-0.3997582667846179,1.0,0.0,0.0,1.0,0.0,0.0,1.0,0.0
-0.3141827561851323,-0.4863374216869257,0.0,1.0,0.0,0.0,1.0,0.0,0.0,1.0
-2.120580161401495,2.4029901895877646,0.0,1.0,1.0,0.0,0.0,0.0,0.0,1.0
0.5109987827426083,1.5841789061771412,1.0,0.0,1.0,0.0,0.0,1.0,0.0,0.0
-0.9143147844962164,1.5442457810799908,1.0,0.0,1.0,0.0,0.0,1.0,0.0,0.0
0.06089976150929528,-0.16518916106092355,0.0,1.0,0.0,1.0,0.0,1.0,0.0,0.0
0.06089976150929528,0.49782998024351216,1.0,0.0,1.0,0.0,0.0,1.0,0.0,0.0
-0.3891992597240178,1.0259447039291216,1.0,0.0,1.0,0.0,0.0,1.0,0.0,0.0
-0.8392982809573308,4.634416897040849,1.0,0.0,1.0,0.0,0.0,1.0,0.0,0.0
-0.23916625264624677,-0.12491978668775715,1.0,0.0,0.0,1.0,0.0,0.0,0.0,1.0
-0.08913324556847574,-0.4894421904510968,0.0,1.0,0.0,0.0,1.0,0.0,0.0,1.0
1.036114307514807,-0.11988611489111134,0.0,1.0,0.0,1.0,0.0,0.0,0.0,1.0
-0.23916625264624677,-0.4902797934380587,1.0,0.0,0.0,0.0,1.0,0.0,0.0,1.0
-0.3891992597240178,-0.12491978668775715,1.0,0.0,0.0,1.0,0.0,0.0,0.0,1.0
1.8612958464425475,-0.36653603292675563,0.0,1.0,0.0,1.0,0.0,0.0,0.0,1.0
0.1359162650481808,2.671117778445337,1.0,0.0,1.0,0.0,0.0,0.0,0.0,1.0
0.8110647968981505,2.059693773056521,1.0,0.0,1.0,0.0,0.0,1.0,0.0,0.0
-0.5392322668017888,-0.5024451714361923,0.0,1.0,0.0,0.0,1.0,0.0,0.0,1.0
-0.16414974910736124,-0.4894421904510968,0.0,1.0,0.0,0.0,1.0,0.0,0.0,1.0
0.06089976150929528,-0.3997582667846179,1.0,0.0,0.0,1.0,0.0,0.0,1.0,0.0
-0.5392322668017888,-0.06451572512800753,1.0,0.0,0.0,1.0,0.0,0.0,0.0,1.0
-0.3141827561851323,0.7519458402879414,0.0,1.0,0.0,0.0,1.0,0.0,0.0,1.0
0.5109987827426083,2.0825124140450755,1.0,0.0,1.0,0.0,0.0,1.0,0.0,0.0
2.3864113712147463,-0.5228315422126077,0.0,1.0,0.0,0.0,1.0,0.0,0.0,1.0
0.5109987827426083,-0.3866707201133388,1.0,0.0,0.0,1.0,0.0,0.0,0.0,1.0
0.1359162650481808,-0.2351571990343002,1.0,0.0,0.0,0.0,1.0,0.0,0.0,1.0
-0.989331288035102,0.5189714017894245,1.0,0.0,1.0,0.0,0.0,1.0,0.0,0.0
-0.5392322668017888,-0.18029017645086096,1.0,0.0,0.0,0.0,1.0,0.0,1.0,0.0
1.2236555663620208,-0.07458306872129913,0.0,1.0,1.0,0.0,0.0,0.0,0.0,1.0
0.6610317898203794,2.441497778832105,0.0,1.0,1.0,0.0,0.0,0.0,0.0,1.0
-0.989331288035102,-0.2859972841804228,0.0,1.0,0.0,0.0,1.0,0.0,0.0,1.0
0.5109987827426083,2.042579288947925,1.0,0.0,1.0,0.0,0.0,0.0,0.0,1.0
-0.3141827561851323,-0.4894421904510968,0.0,1.0,0.0,0.0,1.0,0.0,0.0,1.0
-0.014116742029590228,0.6925485130875209,0.0,1.0,1.0,0.0,0.0,0.0,0.0,1.0
0.8860813004370359,2.059693773056521,1.0,0.0,1.0,0.0,0.0,1.0,0.0,0.0
1.186147314592578,-0.4863374216869257,0.0,1.0,0.0,0.0,1.0,0.0,0.0,1.0
1.186147314592578,0.06635974158478332,0.0,1.0,1.0,0.0,0.0,0.0,0.0,1.0
-2.039562337579499,-0.12491978668775715,0.0,1.0,0.0,1.0,0.0,0.0,0.0,1.0
-0.3891992597240178,4.647001076532463,1.0,0.0,1.0,0.0,0.0,0.0,0.0,1.0
-0.08913324556847574,-0.3866707201133388,0.0,1.0,0.0,1.0,0.0,0.0,0.0,1.0
-0.3141827561851323,-0.3866707201133388,0.0,1.0,0.0,1.0,0.0,0.0,0.0,1.0
0.5109987827426083,-0.3866707201133388,0.0,1.0,0.0,1.0,0.0,0.0,0.0,1.0
-0.3891992597240178,-0.3866707201133388,1.0,0.0,0.0,1.0,0.0,0.0,0.0,1.0
0.8110647968981505,-0.3866707201133388,1.0,0.0,0.0,1.0,0.0,0.0,0.0,1.0
-0.5392322668017888,-0.32425318983493084,1.0,0.0,0.0,0.0,1.0,0.0,0.0,1.0
-1.9645458340406137,-0.32828012727224753,0.0,1.0,0.0,0.0,1.0,0.0,0.0,1.0
0.9610978039759215,-0.47400492578514347,0.0,1.0,0.0,0.0,1.0,0.0,0.0,1.0
-0.4642157632629033,-0.4626791642426904,0.0,1.0,0.0,0.0,1.0,0.0,0.0,1.0
0.9610978039759215,0.05629239799149171,0.0,1.0,1.0,0.0,0.0,0.0,0.0,1.0
-1.0643477915739874,-0.5028639729296732,0.0,1.0,0.0,0.0,1.0,1.0,0.0,0.0
-0.3141827561851323,-0.29002422161773944,0.0,1.0,0.0,0.0,1.0,0.0,0.0,1.0
-0.3141827561851323,-0.5029485386158568,0.0,1.0,0.0,0.0,1.0,1.0,0.0,0.0
-0.08913324556847574,-0.45714212526638004,0.0,1.0,0.0,0.0,1.0,0.0,0.0,1.0
-0.5392322668017888,0.4589861417231558,1.0,0.0,1.0,0.0,0.0,0.0,0.0,1.0
0.6610317898203794,-0.3866707201133388,1.0,0.0,0.0,1.0,0.0,0.0,0.0,1.0
-0.5392322668017888,-0.48977642625839407,1.0,0.0,0.0,0.0,1.0,0.0,1.0,0.0
-0.5392322668017888,-0.48977642625839407,1.0,0.0,0.0,0.0,1.0,0.0,1.0,0.0
0.8110647968981505,-0.08666388103324908,0.0,1.0,0.0,0.0,1.0,0.0,0.0,1.0
-0.014116742029590228,-0.09027201697708476,0.0,1.0,0.0,1.0,0.0,1.0,0.0,0.0
1.186147314592578,-0.3573908580066095,1.0,0.0,0.0,0.0,1.0,1.0,0.0,0.0
0.43598227920372284,-0.5064721088735089,0.0,1.0,0.0,0.0,1.0,0.0,0.0,1.0
-0.3141827561851323,-0.3363340021468808,0.0,1.0,0.0,0.0,1.0,0.0,1.0,0.0
0.06089976150929528,-0.5024451714361923,0.0,1.0,0.0,0.0,1.0,0.0,0.0,1.0
2.311394867675861,0.8667135572514657,1.0,0.0,1.0,0.0,0.0,1.0,0.0,0.0
-0.5392322668017888,-0.5028639729296732,1.0,0.0,0.0,0.0,1.0,1.0,0.0,0.0
-0.5392322668017888,-0.49237782784290063,1.0,0.0,0.0,0.0,1.0,0.0,1.0,0.0
-0.3891992597240178,0.7469121684912956,1.0,0.0,1.0,0.0,0.0,1.0,0.0,0.0
-0.3141827561851323,0.4678796330534696,0.0,1.0,1.0,0.0,0.0,1.0,0.0,0.0
-0.8392982809573308,-0.5176307525123133,0.0,1.0,0.0,0.0,1.0,0.0,0.0,1.0
-0.7642817774184454,-0.4863374216869257,0.0,1.0,0.0,0.0,1.0,0.0,0.0,1.0
-0.5392322668017888,2.0825124140450755,0.0,1.0,1.0,0.0,0.0,1.0,0.0,0.0
-1.9645458340406137,-0.22408312108167944,1.0,0.0,0.0,0.0,1.0,0.0,0.0,1.0
0.5109987827426083,1.0060617003323709,1.0,0.0,1.0,0.0,0.0,1.0,0.0,0.0
-0.5392322668017888,-0.5024451714361923,1.0,0.0,0.0,0.0,1.0,0.0,0.0,1.0
-0.16414974910736124,3.610064686423428,0.0,1.0,1.0,0.0,0.0,1.0,0.0,0.0
-0.6892652738795598,-0.5676312212027554,0.0,1.0,0.0,0.0,1.0,1.0,0.0,0.0
-0.7642817774184454,-0.4918744606632361,0.0,1.0,0.0,0.0,1.0,0.0,0.0,1.0
0.9610978039759215,3.9327230485884233,1.0,0.0,1.0,0.0,0.0,1.0,0.0,0.0
-2.1145788411183846,-0.33146744825388363,1.0,0.0,0.0,0.0,1.0,1.0,0.0,0.0
0.2109327685870663,-0.4888542575852486,0.0,1.0,0.0,0.0,1.0,0.0,0.0,1.0
0.43598227920372284,0.39858208016340624,1.0,0.0,1.0,0.0,0.0,0.0,0.0,1.0
-0.3141827561851323,-0.4894421904510968,0.0,1.0,0.0,0.0,1.0,0.0,0.0,1.0
-0.8392982809573308,0.8314778546749452,0.0,1.0,0.0,1.0,0.0,0.0,0.0,1.0
-2.1145788411183846,0.2958951755118318,0.0,1.0,0.0,0.0,1.0,0.0,0.0,1.0
0.5109987827426083,-0.3866707201133388,1.0,0.0,0.0,1.0,0.0,0.0,0.0,1.0
-0.3141827561851323,-0.49279662933638163,0.0,1.0,0.0,0.0,1.0,0.0,1.0,0.0
-0.9143147844962164,-0.40680540729992204,1.0,0.0,0.0,1.0,0.0,1.0,0.0,0.0
0.5109987827426083,1.7677408088510642,0.0,1.0,1.0,0.0,0.0,0.0,0.0,1.0
-0.6142487703406744,-0.49145565916975514,0.0,1.0,0.0,0.0,1.0,0.0,0.0,1.0
-0.08913324556847574,-0.4888542575852486,0.0,1.0,0.0,0.0,1.0,0.0,0.0,1.0
-0.4642157632629033,1.6323350375212924,1.0,0.0,1.0,0.0,0.0,1.0,0.0,0.0
-0.3891992597240178,-0.312172377522981,1.0,0.0,0.0,0.0,1.0,0.0,0.0,1.0
-0.5392322668017888,-0.49145565916975514,0.0,1.0,0.0,0.0,1.0,0.0,0.0,1.0
0.1359162650481808,-0.4902797934380587,1.0,0.0,0.0,0.0,1.0,0.0,0.0,1.0
1.2611638181314635,-0.12491978668775715,0.0,1.0,0.0,1.0,0.0,0.0,0.0,1.0
-0.4642157632629033,-0.43700743807979686,0.0,1.0,0.0,1.0,0.0,0.0,0.0,1.0
-0.08913324556847574,-0.393717860628643,1.0,0.0,0.0,1.0,0.0,0.0,0.0,1.0
0.7360482933592649,-0.4888542575852486,0.0,1.0,0.0,0.0,1.0,0.0,0.0,1.0
-0.23916625264624677,-0.4863374216869257,0.0,1.0,0.0,0.0,1.0,0.0,0.0,1.0
-0.6142487703406744,-0.4505983519307405,1.0,0.0,0.0,0.0,1.0,0.0,0.0,1.0
-0.08913324556847574,-0.32928686163157667,0.0,1.0,0.0,0.0,1.0,0.0,0.0,1.0
-0.6892652738795598,-0.47400492578514347,1.0,0.0,0.0,0.0,1.0,0.0,0.0,1.0
0.36096577566483734,-0.22559322262067316,0.0,1.0,0.0,1.0,0.0,0.0,0.0,1.0
1.6362463358258912,-0.49237782784290063,0.0,1.0,0.0,0.0,1.0,0.0,0.0,1.0
-1.9645458340406137,-0.2708962687904854,0.0,1.0,0.0,1.0,0.0,0.0,0.0,1.0
-0.6142487703406744,-0.4918744606632361,0.0,1.0,0.0,0.0,1.0,0.0,0.0,1.0
-0.5392322668017888,-0.13565761536436197,1.0,0.0,0.0,0.0,1.0,0.0,0.0,1.0
-0.3141827561851323,-0.4894421904510968,0.0,1.0,0.0,0.0,1.0,0.0,0.0,1.0
-0.3141827561851323,-0.5103319284071769,0.0,1.0,0.0,0.0,1.0,0.0,1.0,0.0
0.28594927212595184,1.163700193253568,1.0,0.0,1.0,0.0,0.0,0.0,1.0,0.0
0.02339150973985253,-0.6484216535389205,0.0,1.0,0.0,1.0,0.0,0.0,0.0,1.0
1.1111308110536924,-0.4888542575852486,0.0,1.0,0.0,0.0,1.0,0.0,0.0,1.0
-0.5392322668017888,-0.4863374216869257,1.0,0.0,0.0,0.0,1.0,0.0,0.0,1.0
0.36096577566483734,0.005955680025033696,1.0,0.0,0.0,1.0,0.0,0.0,0.0,1.0
-0.8392982809573308,-0.3866707201133388,1.0,0.0,0.0,1.0,0.0,0.0,0.0,1.0
0.06089976150929528,-0.3866707201133388,0.0,1.0,0.0,1.0,0.0,0.0,0.0,1.0
-1.439430309268415,-0.1621689579829361,1.0,0.0,0.0,0.0,1.0,0.0,0.0,1.0
-0.3141827561851323,-0.4894421904510968,0.0,1.0,0.0,0.0,1.0,1.0,0.0,0.0
-0.6142487703406744,-0.49271407711891657,0.0,1.0,0.0,0.0,1.0,0.0,1.0,0.0
-0.014116742029590228,-0.4898609919445778,0.0,1.0,0.0,0.0,1.0,0.0,0.0,1.0
-0.08913324556847574,-0.35848215805212236,1.0,0.0,0.0,0.0,1.0,0.0,0.0,1.0
-0.8392982809573308,-0.2414492887801075,0.0,1.0,0.0,0.0,1.0,0.0,0.0,1.0
-0.3141827561851323,-0.5024451714361923,0.0,1.0,0.0,0.0,1.0,0.0,0.0,1.0
-0.08913324556847574,-0.12491978668775715,1.0,0.0,0.0,1.0,0.0,0.0,0.0,1.0
-0.7642817774184454,-0.12491978668775715,1.0,0.0,0.0,1.0,0.0,0.0,0.0,1.0
-0.3141827561851323,-0.49237782784290063,0.0,1.0,0.0,0.0,1.0,0.0,1.0,0.0
0.2109327685870663,-0.4863374216869257,0.0,1.0,0.0,0.0,1.0,0.0,0.0,1.0
-0.08913324556847574,-0.11384570873513637,0.0,1.0,1.0,0.0,0.0,0.0,0.0,1.0
-0.5392322668017888,-0.32425318983493084,1.0,0.0,0.0,0.0,1.0,0.0,0.0,1.0
0.9610978039759215,-0.12491978668775715,1.0,0.0,0.0,1.0,0.0,0.0,0.0,1.0
-0.9143147844962164,-0.5049620073345151,0.0,1.0,0.0,0.0,1.0,0.0,0.0,1.0
1.5612298322870055,0.4771073601910807,0.0,1.0,1.0,0.0,0.0,0.0,0.0,1.0
-1.1393642951128728,1.7677408088510642,1.0,0.0,1.0,0.0,0.0,0.0,0.0,1.0
-0.6142487703406744,0.04370821849987721,1.0,0.0,0.0,0.0,1.0,0.0,0.0,1.0
-0.3891992597240178,-0.2708962687904854,1.0,0.0,0.0,1.0,0.0,0.0,0.0,1.0
2.6114608818314027,4.647001076532463,0.0,1.0,1.0,0.0,0.0,0.0,0.0,1.0
0.1359162650481808,-0.43700743807979686,0.0,1.0,0.0,1.0,0.0,0.0,0.0,1.0
1.186147314592578,-0.11988611489111134,1.0,0.0,0.0,1.0,0.0,0.0,0.0,1.0
-0.6892652738795598,-0.45714212526638004,0.0,1.0,0.0,0.0,1.0,0.0,0.0,1.0
-0.3141827561851323,-0.4918744606632361,0.0,1.0,0.0,0.0,1.0,0.0,0.0,1.0
-0.08913324556847574,-0.3866707201133388,1.0,0.0,0.0,1.0,0.0,0.0,0.0,1.0
-0.3141827561851323,-0.48507900373776425,0.0,1.0,0.0,0.0,1.0,0.0,0.0,1.0
-1.889529330501728,0.9997696105865636,0.0,1.0,1.0,0.0,0.0,0.0,0.0,1.0
-1.2143807986517585,-0.255795253400548,1.0,0.0,0.0,1.0,0.0,0.0,0.0,1.0
0.36096577566483734,-0.11384570873513637,0.0,1.0,1.0,0.0,0.0,0.0,0.0,1.0
-1.8145128269628426,-0.26066180729354516,1.0,0.0,0.0,0.0,1.0,1.0,0.0,0.0
1.7112628393647766,-0.034313694348132716,0.0,1.0,1.0,0.0,0.0,0.0,0.0,1.0
0.5109987827426083,-0.08968408411123653,0.0,1.0,0.0,1.0,0.0,0.0,0.0,1.0
-0.3141827561851323,-0.2463983948905696,0.0,1.0,0.0,0.0,1.0,0.0,0.0,1.0
0.06089976150929528,-0.08968408411123653,0.0,1.0,1.0,0.0,0.0,1.0,0.0,0.0
1.48621332874812,1.145663540471827,0.0,1.0,1.0,0.0,0.0,1.0,0.0,0.0
-0.3141827561851323,-0.4863374216869257,0.0,1.0,0.0,0.0,1.0,0.0,0.0,1.0
-0.014116742029590228,-0.4894421904510968,0.0,1.0,0.0,0.0,1.0,1.0,0.0,0.0
2.686477385370288,-0.11384570873513637,0.0,1.0,1.0,0.0,0.0,0.0,0.0,1.0
0.5109987827426083,0.395813560675251,1.0,0.0,1.0,0.0,0.0,0.0,0.0,1.0
1.5612298322870055,-0.43700743807979686,1.0,0.0,0.0,1.0,0.0,0.0,0.0,1.0
-0.3141827561851323,-0.49237782784290063,0.0,1.0,0.0,0.0,1.0,0.0,1.0,0.0
1.4111968252092346,-0.11384570873513637,0.0,1.0,1.0,0.0,0.0,0.0,0.0,1.0
0.36096577566483734,-0.4863374216869257,0.0,1.0,0.0,0.0,1.0,0.0,0.0,1.0
1.336180321670349,0.12676380314453292,0.0,1.0,1.0,0.0,0.0,0.0,0.0,1.0
1.4111968252092346,-0.3866707201133388,0.0,1.0,0.0,1.0,0.0,0.0,0.0,1.0
-0.3141827561851323,-0.4863374216869257,0.0,1.0,0.0,0.0,1.0,0.0,0.0,1.0
0.6610317898203794,-0.5064721088735089,0.0,1.0,0.0,0.0,1.0,0.0,0.0,1.0
0.02339150973985253,-0.6484216535389205,0.0,1.0,0.0,1.0,0.0,0.0,0.0,1.0
2.0113288535203186,-0.11384570873513637,0.0,1.0,1.0,0.0,0.0,0.0,0.0,1.0
-0.3141827561851323,-0.4928811950225652,0.0,1.0,0.0,0.0,1.0,0.0,1.0,0.0
-2.133332967003106,-0.26066180729354516,1.0,0.0,0.0,0.0,1.0,1.0,0.0,0.0
-0.3141827561851323,-0.5024451714361923,0.0,1.0,0.0,0.0,1.0,0.0,0.0,1.0
0.6610317898203794,-0.47400492578514347,0.0,1.0,0.0,0.0,1.0,0.0,0.0,1.0
0.28594927212595184,-0.08968408411123653,1.0,0.0,0.0,1.0,0.0,0.0,0.0,1.0
-0.4642157632629033,-0.3707300882677209,1.0,0.0,0.0,1.0,0.0,1.0,0.0,0.0
-0.5392322668017888,-0.45034666834090825,1.0,0.0,0.0,0.0,1.0,0.0,0.0,1.0
0.9610978039759215,0.39858208016340624,0.0,1.0,1.0,0.0,0.0,0.0,0.0,1.0
0.36096577566483734,-0.22559322262067316,0.0,1.0,0.0,1.0,0.0,0.0,0.0,1.0
-0.014116742029590228,-0.5065566745596926,0.0,1.0,0.0,0.0,1.0,0.0,0.0,1.0
-0.5392322668017888,-0.4969926981460655,0.0,1.0,0.0,0.0,1.0,0.0,0.0,1.0
-2.039562337579499,-0.4010166847337793,1.0,0.0,0.0,0.0,1.0,0.0,0.0,1.0
-1.5144468128073005,0.2958951755118318,0.0,1.0,0.0,0.0,1.0,0.0,0.0,1.0
0.02339150973985253,-0.6484216535389205,0.0,1.0,0.0,1.0,0.0,0.0,0.0,1.0
1.5612298322870055,-0.4863374216869257,0.0,1.0,0.0,0.0,1.0,0.0,0.0,1.0
2.5364443782925172,-0.455380340137554,1.0,0.0,0.0,0.0,1.0,0.0,0.0,1.0
-0.3141827561851323,1.1854295476653287,0.0,1.0,1.0,0.0,0.0,1.0,0.0,0.0
-0.5392322668017888,-0.13565761536436197,1.0,0.0,0.0,0.0,1.0,0.0,0.0,1.0
0.43598227920372284,1.163700193253568,1.0,0.0,1.0,0.0,0.0,0.0,0.0,1.0
2.1613618605980895,-0.05042144409739929,0.0,1.0,1.0,0.0,0.0,1.0,0.0,0.0
0.06089976150929528,-0.4863374216869257,0.0,1.0,0.0,0.0,1.0,0.0,0.0,1.0
-1.5144468128073005,-0.32828012727224753,0.0,1.0,0.0,0.0,1.0,0.0,0.0,1.0
-0.3141827561851323,-0.2463983948905696,0.0,1.0,0.0,0.0,1.0,0.0,0.0,1.0
-0.6142487703406744,-0.5024451714361923,0.0,1.0,0.0,0.0,1.0,0.0,0.0,1.0
1.9363123499814332,-0.034313694348132716,0.0,1.0,1.0,0.0,0.0,0.0,0.0,1.0
3.1365764066036013,0.3483299278831318,0.0,1.0,1.0,0.0,0.0,1.0,0.0,0.0
-0.6142487703406744,-0.4863374216869257,0.0,1.0,0.0,0.0,1.0,0.0,0.0,1.0
-0.3141827561851323,-0.3573083057891445,0.0,1.0,0.0,0.0,1.0,1.0,0.0,0.0
1.8612958464425475,0.9274538680872313,1.0,0.0,1.0,0.0,0.0,1.0,0.0,0.0
-0.3141827561851323,-0.3443878770215141,0.0,1.0,0.0,0.0,1.0,0.0,0.0,1.0
-0.3141827561851323,2.4029901895877646,1.0,0.0,1.0,0.0,0.0,0.0,0.0,1.0
-0.3891992597240178,-0.49145565916975514,0.0,1.0,0.0,0.0,1.0,0.0,0.0,1.0
-0.9143147844962164,-0.47400492578514347,0.0,1.0,0.0,0.0,1.0,0.0,0.0,1.0
-0.6142487703406744,-0.49237782784290063,1.0,0.0,0.0,0.0,1.0,0.0,1.0,0.0
-0.5392322668017888,-0.4948100980550399,1.0,0.0,0.0,0.0,1.0,0.0,1.0,0.0
0.5860152862814939,-0.455380340137554,1.0,0.0,0.0,0.0,1.0,0.0,0.0,1.0
-0.989331288035102,1.093228788100527,1.0,0.0,1.0,0.0,0.0,0.0,0.0,1.0
-0.8392982809573308,1.5442457810799908,0.0,1.0,1.0,0.0,0.0,1.0,0.0,0.0
0.28594927212595184,-0.12491978668775715,1.0,0.0,0.0,1.0,0.0,0.0,0.0,1.0
0.9610978039759215,-0.11384570873513637,0.0,1.0,1.0,0.0,0.0,0.0,0.0,1.0
-0.08913324556847574,-0.1948878246611338,0.0,1.0,0.0,0.0,1.0,0.0,0.0,1.0
-0.23916625264624677,0.48910360681684706,0.0,1.0,0.0,0.0,1.0,0.0,0.0,1.0
-0.014116742029590228,-0.49237782784290063,0.0,1.0,0.0,0.0,1.0,0.0,1.0,0.0
-0.3141827561851323,-0.4863374216869257,0.0,1.0,0.0,0.0,1.0,0.0,0.0,1.0
0.5109987827426083,-0.11913106412161445,0.0,1.0,1.0,0.0,0.0,0.0,0.0,1.0
1.8612958464425475,0.5475787653441219,1.0,0.0,1.0,0.0,0.0,1.0,0.0,0.0
-0.3891992597240178,-0.4974960653257301,0.0,1.0,0.0,0.0,1.0,0.0,0.0,1.0
1.336180321670349,0.036576512298389464,0.0,1.0,1.0,0.0,0.0,0.0,0.0,1.0
0.36096577566483734,-0.43700743807979686,1.0,0.0,0.0,1.0,0.0,0.0,0.0,1.0
-0.3141827561851323,-0.1621689579829361,0.0,1.0,0.0,0.0,1.0,0.0,1.0,0.0
0.5109987827426083,-0.12491978668775715,1.0,0.0,0.0,1.0,0.0,0.0,0.0,1.0
0.2109327685870663,-0.4894421904510968,0.0,1.0,0.0,0.0,1.0,0.0,0.0,1.0
0.06089976150929528,1.2341715984066093,1.0,0.0,1.0,0.0,0.0,0.0,0.0,1.0
-0.5392322668017888,-0.4894421904510968,0.0,1.0,0.0,0.0,1.0,0.0,0.0,1.0
-0.3141827561851323,-0.5029485386158568,0.0,1.0,0.0,0.0,1.0,1.0,0.0,0.0
1.1111308110536924,0.5189714017894245,1.0,0.0,1.0,0.0,0.0,1.0,0.0,0.0
-0.3141827561851323,-0.5028639729296732,0.0,1.0,0.0,0.0,1.0,1.0,0.0,0.0
0.8485730486675932,-0.49237782784290063,0.0,1.0,0.0,0.0,1.0,0.0,1.0,0.0
1.5612298322870055,-0.43700743807979686,1.0,0.0,0.0,1.0,0.0,0.0,0.0,1.0
0.9610978039759215,3.817033162951754,0.0,1.0,1.0,0.0,0.0,0.0,0.0,1.0
0.7360482933592649,-0.4888542575852486,0.0,1.0,0.0,0.0,1.0,0.0,0.0,1.0
-0.4642157632629033,-0.41687275089321363,0.0,1.0,0.0,1.0,0.0,0.0,0.0,1.0
-2.039562337579499,-0.12491978668775715,1.0,0.0,0.0,1.0,0.0,0.0,0.0,1.0
-0.3141827561851323,-0.5028639729296732,0.0,1.0,0.0,0.0,1.0,1.0,0.0,0.0
-0.9143147844962164,-0.5028639729296732,0.0,1.0,0.0,0.0,1.0,1.0,0.0,0.0
-0.5392322668017888,-0.19824427701513722,1.0,0.0,0.0,0.0,1.0,1.0,0.0,0.0
0.06089976150929528,-0.47400492578514347,1.0,0.0,0.0,0.0,1.0,0.0,0.0,1.0
-1.6644798198850714,-0.11988611489111134,1.0,0.0,0.0,1.0,0.0,0.0,0.0,1.0
1.186147314592578,-0.11384570873513637,0.0,1.0,1.0,0.0,0.0,0.0,0.0,1.0
0.06089976150929528,1.4944124302931971,1.0,0.0,1.0,0.0,0.0,1.0,0.0,0.0
-0.3141827561851323,-0.35646868933346404,0.0,1.0,0.0,0.0,1.0,0.0,0.0,1.0
-0.5392322668017888,0.3482453621969482,1.0,0.0,1.0,0.0,0.0,1.0,0.0,0.0
0.5109987827426083,0.7811411367084872,1.0,0.0,1.0,0.0,0.0,0.0,0.0,1.0
-1.5144468128073005,-0.01870931177853076,1.0,0.0,0.0,0.0,1.0,0.0,0.0,1.0
-1.3644138057295294,-0.01870931177853076,1.0,0.0,0.0,0.0,1.0,0.0,0.0,1.0
0.2109327685870663,-0.12491978668775715,0.0,1.0,0.0,1.0,0.0,0.0,0.0,1.0
1.5612298322870055,1.4944124302931971,0.0,1.0,1.0,0.0,0.0,1.0,0.0,0.0
2.6114608818314027,-0.12491978668775715,0.0,1.0,1.0,0.0,0.0,0.0,0.0,1.0
-0.7642817774184454,-0.12491978668775715,1.0,0.0,0.0,1.0,0.0,0.0,0.0,1.0
0.02339150973985253,-0.3693045524149108,0.0,1.0,0.0,1.0,0.0,1.0,0.0,0.0
0.28594927212595184,-0.2351571990343002,0.0,1.0,0.0,0.0,1.0,0.0,0.0,1.0
-1.589463316346186,0.09152810056801232,0.0,1.0,0.0,1.0,0.0,0.0,0.0,1.0
-0.9143147844962164,1.5841789061771412,0.0,1.0,1.0,0.0,0.0,1.0,0.0,0.0
-0.16414974910736124,-0.12491978668775715,0.0,1.0,0.0,1.0,0.0,0.0,0.0,1.0
-0.3141827561851323,-0.49078316061772326,0.0,1.0,0.0,0.0,1.0,0.0,1.0,0.0
-0.5392322668017888,-0.5029485386158568,0.0,1.0,0.0,0.0,1.0,1.0,0.0,0.0
-0.5392322668017888,-0.4918744606632361,1.0,0.0,0.0,0.0,1.0,0.0,0.0,1.0
2.461427874753632,-0.11384570873513637,0.0,1.0,1.0,0.0,0.0,0.0,0.0,1.0
1.4111968252092346,0.1489119590497745,1.0,0.0,1.0,0.0,0.0,1.0,0.0,0.0
0.9610978039759215,3.9327230485884233,0.0,1.0,1.0,0.0,0.0,1.0,0.0,0.0
0.7360482933592649,0.955306180872432,1.0,0.0,1.0,0.0,0.0,0.0,0.0,1.0
0.5109987827426083,-0.29807809649237277,1.0,0.0,0.0,0.0,1.0,0.0,0.0,1.0
-0.3141827561851323,-0.49237782784290063,0.0,1.0,0.0,0.0,1.0,0.0,1.0,0.0
0.8110647968981505,-0.4894421904510968,0.0,1.0,0.0,0.0,1.0,0.0,0.0,1.0
-0.08913324556847574,-0.3766033765200472,0.0,1.0,0.0,1.0,0.0,0.0,0.0,1.0
-0.3141827561851323,-0.4863374216869257,0.0,1.0,0.0,0.0,1.0,0.0,0.0,1.0
-0.5392322668017888,-0.4863374216869257,1.0,0.0,0.0,0.0,1.0,0.0,0.0,1.0
-0.3891992597240178,-0.1621689579829361,0.0,1.0,0.0,0.0,1.0,0.0,0.0,1.0
-0.7642817774184454,-0.4894421904510968,0.0,1.0,0.0,0.0,1.0,0.0,0.0,1.0
-0.014116742029590228,-0.22408312108167944,1.0,0.0,0.0,0.0,1.0,0.0,0.0,1.0
-0.3141827561851323,-0.5028639729296732,0.0,1.0,0.0,0.0,1.0,1.0,0.0,0.0
0.2109327685870663,-0.4902797934380587,0.0,1.0,0.0,0.0,1.0,0.0,0.0,1.0
2.461427874753632,-0.43700743807979686,0.0,1.0,0.0,1.0,0.0,0.0,0.0,1.0
1.786279342903662,0.38809593507663365,1.0,0.0,1.0,0.0,0.0,0.0,0.0,1.0
0.5109987827426083,-0.11711759540295616,0.0,1.0,1.0,0.0,0.0,0.0,0.0,1.0
-0.5392322668017888,-0.49237782784290063,1.0,0.0,0.0,0.0,1.0,0.0,1.0,0.0
-0.989331288035102,-0.4863374216869257,0.0,1.0,0.0,0.0,1.0,0.0,0.0,1.0
-0.7642817774184454,-0.35646868933346404,0.0,1.0,0.0,0.0,1.0,0.0,0.0,1.0
0.36096577566483734,-0.3866707201133388,1.0,0.0,0.0,1.0,0.0,0.0,0.0,1.0
0.7360482933592649,0.4771073601910807,1.0,0.0,1.0,0.0,0.0,0.0,0.0,1.0
-0.5392322668017888,-0.3573083057891445,1.0,0.0,0.0,0.0,1.0,1.0,0.0,0.0
0.2109327685870663,-0.4888542575852486,0.0,1.0,0.0,0.0,1.0,0.0,0.0,1.0
-0.3141827561851323,-0.04438103794142432,1.0,0.0,0.0,1.0,0.0,0.0,0.0,1.0
0.7360482933592649,1.5841789061771412,1.0,0.0,1.0,0.0,0.0,1.0,0.0,0.0
1.8612958464425475,-0.12491978668775715,0.0,1.0,0.0,1.0,0.0,0.0,0.0,1.0
0.5109987827426083,0.15948266982273065,0.0,1.0,1.0,0.0,0.0,1.0,0.0,0.0
-0.3141827561851323,-0.47299819142581434,0.0,1.0,0.0,0.0,1.0,1.0,0.0,0.0
-0.8392982809573308,0.955306180872432,1.0,0.0,1.0,0.0,0.0,0.0,0.0,1.0
1.336180321670349,-0.3464013457401724,0.0,1.0,0.0,1.0,0.0,0.0,0.0,1.0
2.311394867675861,0.9462455716384695,0.0,1.0,1.0,0.0,0.0,1.0,0.0,0.0
-0.5392322668017888,-0.4863374216869257,0.0,1.0,0.0,0.0,1.0,0.0,0.0,1.0
-0.3141827561851323,-0.4863374216869257,0.0,1.0,0.0,0.0,1.0,0.0,0.0,1.0
0.43598227920372284,-0.5049620073345151,0.0,1.0,0.0,0.0,1.0,0.0,0.0,1.0
1.7112628393647766,0.9274538680872313,1.0,0.0,1.0,0.0,0.0,1.0,0.0,0.0
1.336180321670349,-0.5024451714361923,0.0,1.0,0.0,0.0,1.0,0.0,0.0,1.0
-0.5392322668017888,-0.49237782784290063,1.0,0.0,0.0,0.0,1.0,0.0,1.0,0.0
0.5860152862814939,-0.12491978668775715,0.0,1.0,0.0,1.0,0.0,0.0,0.0,1.0
0.5109987827426083,-0.1621689579829361,0.0,1.0,0.0,0.0,1.0,0.0,0.0,1.0
-0.08913324556847574,0.016023023618325298,1.0,0.0,0.0,1.0,0.0,0.0,0.0,1.0
1.48621332874812,-0.6484216535389205,0.0,1.0,0.0,0.0,1.0,0.0,0.0,1.0
-0.3141827561851323,-0.5029485386158568,0.0,1.0,0.0,0.0,1.0,1.0,0.0,0.0
1.48621332874812,0.49782998024351216,0.0,1.0,1.0,0.0,0.0,1.0,0.0,0.0
-0.3891992597240178,-0.10478509950117394,1.0,0.0,0.0,1.0,0.0,0.0,0.0,1.0
-0.3141827561851323,-0.4894421904510968,0.0,1.0,0.0,0.0,1.0,0.0,0.0,1.0
0.9610978039759215,0.2052890831722074,0.0,1.0,1.0,0.0,0.0,0.0,0.0,1.0
1.1111308110536924,-0.4863374216869257,0.0,1.0,0.0,0.0,1.0,0.0,0.0,1.0
0.43598227920372284,-0.11384570873513637,0.0,1.0,1.0,0.0,0.0,1.0,0.0,0.0
0.5109987827426083,-0.3353272677875516,0.0,1.0,0.0,0.0,1.0,0.0,0.0,1.0
0.06089976150929528,-0.4894421904510968,0.0,1.0,0.0,0.0,1.0,0.0,0.0,1.0
-0.16414974910736124,-0.034313694348132716,0.0,1.0,1.0,0.0,0.0,0.0,0.0,1.0
-0.5392322668017888,0.18876253192945994,1.0,0.0,0.0,1.0,0.0,1.0,0.0,0.0
0.8110647968981505,2.441497778832105,1.0,0.0,1.0,0.0,0.0,0.0,0.0,1.0
0.7360482933592649,-0.01870931177853076,1.0,0.0,0.0,0.0,1.0,0.0,0.0,1.0
-0.3141827561851323,-0.5064721088735089,0.0,1.0,0.0,0.0,1.0,0.0,0.0,1.0
-0.5392322668017888,-0.3363340021468808,1.0,0.0,0.0,0.0,1.0,0.0,1.0,0.0
-0.3141827561851323,-0.49237782784290063,0.0,1.0,0.0,0.0,1.0,0.0,1.0,0.0
0.43598227920372284,-0.4863374216869257,0.0,1.0,0.0,0.0,1.0,0.0,0.0,1.0
-0.3891992597240178,0.6603330135889879,1.0,0.0,0.0,1.0,0.0,0.0,0.0,1.0
0.36096577566483734,-0.35848215805212236,0.0,1.0,0.0,0.0,1.0,0.0,0.0,1.0
-0.23916625264624677,-0.32425318983493084,1.0,0.0,0.0,0.0,1.0,0.0,0.0,1.0
-1.889529330501728,0.13683114673782454,1.0,0.0,0.0,1.0,0.0,0.0,0.0,1.0
-0.23916625264624677,-0.43700743807979686,0.0,1.0,0.0,1.0,0.0,0.0,0.0,1.0
-0.16414974910736124,-0.3573908580066095,0.0,1.0,0.0,0.0,1.0,1.0,0.0,0.0
0.9610978039759215,0.40974072380221066,0.0,1.0,1.0,0.0,0.0,0.0,0.0,1.0
-0.6892652738795598,-0.33146744825388363,0.0,1.0,0.0,0.0,1.0,1.0,0.0,0.0
-0.6142487703406744,-0.4902797934380587,0.0,1.0,0.0,0.0,1.0,0.0,0.0,1.0
-0.6142487703406744,-0.32425318983493084,0.0,1.0,0.0,0.0,1.0,0.0,0.0,1.0
2.3864113712147463,0.002347544081197954,0.0,1.0,1.0,0.0,0.0,0.0,0.0,1.0
2.086345357059204,-0.3997582667846179,0.0,1.0,0.0,1.0,0.0,0.0,1.0,0.0
-0.6142487703406744,0.921244330558889,1.0,0.0,1.0,0.0,0.0,0.0,0.0,1.0
-0.23916625264624677,-0.4894421904510968,0.0,1.0,0.0,0.0,1.0,0.0,0.0,1.0
-0.3141827561851323,-0.49271407711891657,0.0,1.0,0.0,0.0,1.0,0.0,1.0,0.0
3.811724938453571,-0.04438103794142432,0.0,1.0,1.0,0.0,0.0,0.0,0.0,1.0
1.6362463358258912,-0.5063875431873253,0.0,1.0,0.0,0.0,1.0,0.0,0.0,1.0
0.2109327685870663,-0.034313694348132716,0.0,1.0,1.0,0.0,0.0,1.0,0.0,0.0
0.9610978039759215,-0.6484216535389205,0.0,1.0,1.0,0.0,0.0,0.0,0.0,1.0
-1.5144468128073005,-0.08666388103324908,1.0,0.0,0.0,0.0,1.0,0.0,0.0,1.0
-0.08913324556847574,-0.3866707201133388,1.0,0.0,0.0,1.0,0.0,0.0,0.0,1.0
0.2109327685870663,-0.4888542575852486,0.0,1.0,0.0,0.0,1.0,0.0,0.0,1.0
0.1359162650481808,-0.11988611489111134,0.0,1.0,0.0,1.0,0.0,0.0,0.0,1.0
0.8860813004370359,0.1506737441786005,1.0,0.0,0.0,0.0,1.0,0.0,0.0,1.0
-0.3141827561851323,-0.32425318983493084,0.0,1.0,0.0,0.0,1.0,0.0,0.0,1.0
-0.6892652738795598,-0.4902797934380587,0.0,1.0,0.0,0.0,1.0,0.0,0.0,1.0
-0.3891992597240178,0.7469121684912956,1.0,0.0,1.0,0.0,0.0,1.0,0.0,0.0
-2.039562337579499,-0.08666388103324908,1.0,0.0,0.0,0.0,1.0,0.0,0.0,1.0
-0.3141827561851323,0.48910360681684706,0.0,1.0,0.0,0.0,1.0,0.0,0.0,1.0
-2.133332967003106,-0.26066180729354516,1.0,0.0,0.0,0.0,1.0,1.0,0.0,0.0
1.4111968252092346,0.8964967865378598,0.0,1.0,1.0,0.0,0.0,1.0,0.0,0.0
-0.7642817774184454,-0.4894421904510968,0.0,1.0,0.0,0.0,1.0,0.0,0.0,1.0
2.0113288535203186,0.06635974158478332,0.0,1.0,1.0,0.0,0.0,1.0,0.0,0.0
-0.3141827561851323,-0.49640476528021726,0.0,1.0,0.0,0.0,1.0,0.0,0.0,1.0
-0.4642157632629033,-0.49640476528021726,1.0,0.0,0.0,0.0,1.0,0.0,0.0,1.0
-0.3141827561851323,-0.4894421904510968,0.0,1.0,0.0,0.0,1.0,0.0,0.0,1.0
-0.8392982809573308,-0.18532384824750675,1.0,0.0,0.0,1.0,0.0,0.0,0.0,1.0
-0.6142487703406744,-0.47861979608830835,0.0,1.0,0.0,0.0,1.0,0.0,0.0,1.0
-0.5392322668017888,-0.49078316061772326,1.0,0.0,0.0,0.0,1.0,0.0,1.0,0.0
-0.8392982809573308,-0.5125125150294839,1.0,0.0,0.0,0.0,1.0,0.0,1.0,0.0
-0.3891992597240178,0.8314778546749452,0.0,1.0,0.0,1.0,0.0,0.0,0.0,1.0
-0.3141827561851323,-0.4894421904510968,0.0,1.0,0.0,0.0,1.0,0.0,0.0,1.0
0.2109327685870663,-0.3363340021468808,1.0,0.0,0.0,0.0,1.0,0.0,1.0,0.0
-0.4642157632629033,-0.3866707201133388,0.0,1.0,0.0,1.0,0.0,0.0,0.0,1.0
2.1613618605980895,1.6323350375212924,0.0,1.0,1.0,0.0,0.0,1.0,0.0,0.0
1.5612298322870055,2.042579288947925,0.0,1.0,1.0,0.0,0.0,0.0,0.0,1.0
0.8110647968981505,-0.5029485386158568,0.0,1.0,0.0,0.0,1.0,1.0,0.0,0.0
1.336180321670349,-0.13322534515222276,0.0,1.0,1.0,0.0,0.0,0.0,0.0,1.0
0.5109987827426083,-0.4974960653257301,0.0,1.0,0.0,0.0,1.0,0.0,0.0,1.0
-0.6892652738795598,-0.4888542575852486,0.0,1.0,0.0,0.0,1.0,0.0,0.0,1.0
0.2109327685870663,0.8314778546749452,0.0,1.0,0.0,1.0,0.0,0.0,0.0,1.0
-0.3141827561851323,-0.3866707201133388,0.0,1.0,0.0,1.0,0.0,0.0,0.0,1.0
-0.3141827561851323,-0.4918744606632361,0.0,1.0,0.0,0.0,1.0,0.0,0.0,1.0
1.036114307514807,-0.4863374216869257,0.0,1.0,0.0,0.0,1.0,0.0,0.0,1.0
0.5109987827426083,0.39858208016340624,1.0,0.0,1.0,0.0,0.0,0.0,0.0,1.0
0.8110647968981505,0.13683114673782454,1.0,0.0,0.0,1.0,0.0,0.0,0.0,1.0
0.1359162650481808,0.39858208016340624,0.0,1.0,1.0,0.0,0.0,0.0,0.0,1.0
3.061559903064716,-0.43700743807979686,0.0,1.0,0.0,1.0,0.0,0.0,0.0,1.0
0.1359162650481808,-0.3866707201133388,0.0,1.0,0.0,1.0,0.0,0.0,0.0,1.0
0.02339150973985253,-0.6484216535389205,0.0,1.0,0.0,1.0,0.0,0.0,0.0,1.0
-0.8392982809573308,-0.4918744606632361,0.0,1.0,0.0,0.0,1.0,0.0,0.0,1.0
-0.35169100795457503,-0.4863374216869257,0.0,1.0,0.0,0.0,1.0,0.0,0.0,1.0
-0.8392982809573308,-0.45026210265472455,1.0,0.0,0.0,0.0,1.0,0.0,0.0,1.0
1.036114307514807,0.2958951755118318,1.0,0.0,0.0,0.0,1.0,0.0,0.0,1.0
0.5109987827426083,9.667166525013505,0.0,1.0,1.0,0.0,0.0,1.0,0.0,0.0
-0.5392322668017888,-0.48457563655809965,1.0,0.0,0.0,0.0,1.0,0.0,1.0,0.0
-0.16414974910736124,0.8964967865378598,0.0,1.0,1.0,0.0,0.0,1.0,0.0,0.0
-0.6892652738795598,-0.4626791642426904,0.0,1.0,0.0,0.0,1.0,0.0,0.0,1.0
-1.1393642951128728,0.2958951755118318,0.0,1.0,0.0,0.0,1.0,0.0,0.0,1.0
2.311394867675861,0.13683114673782454,0.0,1.0,0.0,1.0,0.0,0.0,0.0,1.0
-0.3141827561851323,0.18876253192945994,0.0,1.0,0.0,1.0,0.0,1.0,0.0,0.0
-1.1393642951128728,0.1506737441786005,0.0,1.0,0.0,0.0,1.0,0.0,0.0,1.0
-0.7642817774184454,-0.44363577710162005,0.0,1.0,0.0,0.0,1.0,0.0,0.0,1.0
-0.8392982809573308,-0.49145565916975514,0.0,1.0,0.0,0.0,1.0,0.0,0.0,1.0
-1.0643477915739874,3.6067927997556075,1.0,0.0,1.0,0.0,0.0,0.0,0.0,1.0
0.1359162650481808,0.49925551609632224,0.0,1.0,1.0,0.0,0.0,0.0,0.0,1.0
-1.889529330501728,-0.37828059596268965,1.0,0.0,0.0,0.0,1.0,1.0,0.0,0.0
-0.3141827561851323,0.48910360681684706,0.0,1.0,0.0,0.0,1.0,0.0,0.0,1.0
-0.3141827561851323,-0.5029485386158568,0.0,1.0,0.0,0.0,1.0,1.0,0.0,0.0
2.311394867675861,-0.11384570873513637,0.0,1.0,1.0,0.0,0.0,0.0,0.0,1.0
1.7112628393647766,-0.3766033765200472,0.0,1.0,0.0,1.0,0.0,0.0,0.0,1.0
1.1111308110536924,-0.4863374216869257,0.0,1.0,0.0,0.0,1.0,0.0,0.0,1.0
-0.5392322668017888,-0.49271407711891657,1.0,0.0,0.0,0.0,1.0,0.0,1.0,0.0
1.48621332874812,1.5841789061771412,0.0,1.0,1.0,0.0,0.0,1.0,0.0,0.0
0.9610978039759215,-0.494391296561559,0.0,1.0,0.0,0.0,1.0,0.0,0.0,1.0
-0.8392982809573308,3.9327230485884233,1.0,0.0,1.0,0.0,0.0,1.0,0.0,0.0
0.43598227920372284,-0.11913106412161445,0.0,1.0,1.0,0.0,0.0,0.0,0.0,1.0
-0.8392982809573308,-0.3573908580066095,1.0,0.0,0.0,0.0,1.0,1.0,0.0,0.0
-0.3141827561851323,-0.4925449457465493,0.0,1.0,0.0,0.0,1.0,0.0,1.0,0.0
-0.23916625264624677,-0.4902797934380587,0.0,1.0,0.0,0.0,1.0,0.0,0.0,1.0
0.7360482933592649,-0.12491978668775715,0.0,1.0,0.0,1.0,0.0,0.0,0.0,1.0
1.186147314592578,-0.3766033765200472,1.0,0.0,0.0,1.0,0.0,0.0,0.0,1.0
0.9610978039759215,-0.11913106412161445,0.0,1.0,1.0,0.0,0.0,0.0,0.0,1.0
-0.5392322668017888,2.4029901895877646,1.0,0.0,1.0,0.0,0.0,0.0,0.0,1.0
-0.3141827561851323,-0.3414522396297103,0.0,1.0,0.0,0.0,1.0,1.0,0.0,0.0
-0.3891992597240178,0.3483299278831318,1.0,0.0,1.0,0.0,0.0,1.0,0.0,0.0
0.9610978039759215,-0.11384570873513637,0.0,1.0,1.0,0.0,0.0,0.0,0.0,1.0
1.4111968252092346,0.39858208016340624,0.0,1.0,1.0,0.0,0.0,0.0,0.0,1.0
-0.014116742029590228,-0.457478374542396,0.0,1.0,0.0,0.0,1.0,0.0,0.0,1.0
1.7112628393647766,-0.3866707201133388,0.0,1.0,0.0,1.0,0.0,0.0,0.0,1.0
-0.7642817774184454,-0.494391296561559,0.0,1.0,0.0,0.0,1.0,0.0,0.0,1.0
0.6610317898203794,3.9327230485884233,1.0,0.0,1.0,0.0,0.0,1.0,0.0,0.0
-0.16414974910736124,-0.43700743807979686,1.0,0.0,0.0,1.0,0.0,0.0,0.0,1.0
-0.3141827561851323,-0.3363340021468808,0.0,1.0,0.0,0.0,1.0,0.0,1.0,0.0
0.28594927212595184,-0.4918744606632361,0.0,1.0,0.0,0.0,1.0,0.0,0.0,1.0
-1.739496323423957,0.016023023618325298,1.0,0.0,0.0,1.0,0.0,0.0,0.0,1.0
-0.9143147844962164,-0.5063875431873253,0.0,1.0,0.0,0.0,1.0,0.0,0.0,1.0
0.36096577566483734,-0.3866707201133388,0.0,1.0,0.0,1.0,0.0,0.0,0.0,1.0
1.5612298322870055,-0.3866707201133388,0.0,1.0,0.0,1.0,0.0,0.0,0.0,1.0
-0.16414974910736124,0.4207302360686478,0.0,1.0,1.0,0.0,0.0,0.0,0.0,1.0
-0.6892652738795598,-0.47400492578514347,0.0,1.0,0.0,0.0,1.0,0.0,0.0,1.0
0.06089976150929528,-0.22559322262067316,1.0,0.0,0.0,1.0,0.0,0.0,0.0,1.0
-0.5392322668017888,-0.4926295114327329,1.0,0.0,0.0,0.0,1.0,0.0,1.0,0.0
-0.3141827561851323,-0.12491978668775715,0.0,1.0,0.0,1.0,0.0,0.0,0.0,1.0
-0.3141827561851323,-0.4888542575852486,1.0,0.0,0.0,0.0,1.0,0.0,0.0,1.0
-0.014116742029590228,3.6067927997556075,1.0,0.0,1.0,0.0,0.0,0.0,0.0,1.0
-1.3644138057295294,-0.2701412180209885,0.0,1.0,0.0,0.0,1.0,1.0,0.0,0.0
0.02339150973985253,-0.6484216535389205,0.0,1.0,0.0,1.0,0.0,0.0,0.0,1.0
-0.4642157632629033,-0.3866707201133388,0.0,1.0,0.0,1.0,0.0,0.0,0.0,1.0
-0.4642157632629033,-0.3866707201133388,0.0,1.0,0.0,1.0,0.0,0.0,0.0,1.0
-0.05162499379903299,-0.32425318983493084,0.0,1.0,0.0,0.0,1.0,0.0,0.0,1.0
1.4111968252092346,0.04370821849987721,1.0,0.0,0.0,0.0,1.0,0.0,0.0,1.0
0.43598227920372284,9.667166525013505,0.0,1.0,1.0,0.0,0.0,1.0,0.0,0.0
-0.3141827561851323,-0.4894421904510968,0.0,1.0,0.0,0.0,1.0,0.0,0.0,1.0
-0.3141827561851323,-0.4894421904510968,0.0,1.0,0.0,0.0,1.0,0.0,0.0,1.0
0.9610978039759215,-0.04438103794142432,0.0,1.0,1.0,0.0,0.0,0.0,0.0,1.0
0.5109987827426083,0.9391984311231651,0.0,1.0,1.0,0.0,0.0,0.0,0.0,1.0
-0.6142487703406744,4.634416897040849,1.0,0.0,1.0,0.0,0.0,1.0,0.0,0.0
-0.3891992597240178,-0.32425318983493084,0.0,1.0,0.0,0.0,1.0,0.0,0.0,1.0
0.1359162650481808,-0.4888542575852486,0.0,1.0,0.0,0.0,1.0,0.0,0.0,1.0
3.061559903064716,0.7811411367084872,0.0,1.0,1.0,0.0,0.0,0.0,0.0,1.0
-0.989331288035102,-0.24069423801061057,0.0,1.0,0.0,0.0,1.0,0.0,0.0,1.0
0.06089976150929528,-0.3866707201133388,1.0,0.0,0.0,1.0,0.0,0.0,0.0,1.0
-0.7642817774184454,0.4207302360686478,0.0,1.0,1.0,0.0,0.0,0.0,0.0,1.0
0.1359162650481808,-0.49237782784290063,0.0,1.0,0.0,0.0,1.0,0.0,1.0,0.0
-1.889529330501728,-0.18532384824750675,1.0,0.0,0.0,1.0,0.0,0.0,0.0,1.0
-1.739496323423957,-0.397241430886295,0.0,1.0,0.0,0.0,1.0,0.0,0.0,1.0
0.28594927212595184,-0.45714212526638004,0.0,1.0,0.0,0.0,1.0,0.0,0.0,1.0
-0.4642157632629033,-0.4894421904510968,0.0,1.0,0.0,0.0,1.0,0.0,0.0,1.0
1.4111968252092346,0.6603330135889879,1.0,0.0,0.0,1.0,0.0,0.0,0.0,1.0
-2.139334287286217,-0.35646868933346404,0.0,1.0,0.0,1.0,0.0,0.0,0.0,1.0
-0.08913324556847574,-0.49145565916975514,0.0,1.0,0.0,0.0,1.0,0.0,0.0,1.0
-0.8392982809573308,-0.41687275089321363,0.0,1.0,0.0,1.0,0.0,0.0,0.0,1.0
0.36096577566483734,-0.4863374216869257,0.0,1.0,0.0,0.0,1.0,0.0,0.0,1.0
0.28594927212595184,1.093228788100527,1.0,0.0,1.0,0.0,0.0,0.0,0.0,1.0
-0.3141827561851323,-0.35646868933346404,0.0,1.0,0.0,0.0,1.0,0.0,0.0,1.0
0.8860813004370359,-0.5049620073345151,0.0,1.0,0.0,0.0,1.0,0.0,0.0,1.0
-0.6892652738795598,-0.5028639729296732,0.0,1.0,0.0,0.0,1.0,1.0,0.0,0.0
0.5109987827426083,1.7677408088510642,1.0,0.0,1.0,0.0,0.0,0.0,0.0,1.0
-0.989331288035102,-0.4918744606632361,0.0,1.0,0.0,0.0,1.0,0.0,0.0,1.0
1.6362463358258912,0.921244330558889,1.0,0.0,1.0,0.0,0.0,0.0,0.0,1.0
0.9610978039759215,0.1489119590497745,0.0,1.0,1.0,0.0,0.0,1.0,0.0,0.0
0.09840801327873805,-0.49237782784290063,1.0,0.0,0.0,0.0,1.0,0.0,1.0,0.0
-0.3141827561851323,-0.1621689579829361,0.0,1.0,0.0,0.0,1.0,0.0,1.0,0.0
0.2109327685870663,-0.4800453319411184,0.0,1.0,0.0,0.0,1.0,0.0,0.0,1.0
-0.3891992597240178,-0.45714212526638004,0.0,1.0,0.0,0.0,1.0,0.0,0.0,1.0
1.4111968252092346,-0.4902797934380587,0.0,1.0,0.0,0.0,1.0,0.0,0.0,1.0
2.086345357059204,-0.43700743807979686,1.0,0.0,0.0,1.0,0.0,0.0,0.0,1.0
-0.3141827561851323,-0.5029485386158568,0.0,1.0,0.0,0.0,1.0,1.0,0.0,0.0
1.8612958464425475,-0.18532384824750675,1.0,0.0,0.0,1.0,0.0,0.0,0.0,1.0
-0.8392982809573308,-0.49237782784290063,0.0,1.0,0.0,0.0,1.0,0.0,0.0,1.0
-0.3141827561851323,-0.49237782784290063,0.0,1.0,0.0,0.0,1.0,0.0,1.0,0.0
-1.8145128269628426,-0.397241430886295,1.0,0.0,0.0,0.0,1.0,0.0,0.0,1.0
-0.3141827561851323,-0.4926295114327329,0.0,1.0,0.0,0.0,1.0,0.0,1.0,0.0
1.036114307514807,3.6067927997556075,1.0,0.0,1.0,0.0,0.0,0.0,0.0,1.0
-1.2143807986517585,-0.5028639729296732,1.0,0.0,0.0,0.0,1.0,1.0,0.0,0.0
-0.9143147844962164,0.49925551609632224,1.0,0.0,1.0,0.0,0.0,0.0,0.0,1.0
-0.014116742029590228,-0.04438103794142432,0.0,1.0,1.0,0.0,0.0,0.0,0.0,1.0
-0.3141827561851323,-0.17626323901354432,0.0,1.0,0.0,0.0,1.0,0.0,0.0,1.0
-0.3141827561851323,-0.5064721088735089,0.0,1.0,0.0,0.0,1.0,0.0,0.0,1.0
-0.3141827561851323,-0.5024451714361923,0.0,1.0,0.0,0.0,1.0,0.0,0.0,1.0
-0.8392982809573308,-0.4974960653257301,1.0,0.0,0.0,0.0,1.0,0.0,0.0,1.0
-1.589463316346186,-0.06199888922968463,0.0,1.0,0.0,0.0,1.0,0.0,1.0,0.0
-2.1145788411183846,-0.23415046467497105,0.0,1.0,0.0,0.0,1.0,0.0,0.0,1.0
1.2611638181314635,0.9462455716384695,0.0,1.0,1.0,0.0,0.0,1.0,0.0,0.0
-0.3141827561851323,-0.49237782784290063,0.0,1.0,0.0,0.0,1.0,0.0,1.0,0.0
-0.989331288035102,-0.12491978668775715,0.0,1.0,0.0,1.0,0.0,0.0,0.0,1.0
-0.5392322668017888,0.7519458402879414,1.0,0.0,0.0,0.0,1.0,0.0,0.0,1.0
0.9610978039759215,-0.030371322596999754,0.0,1.0,1.0,0.0,0.0,1.0,0.0,0.0
-0.3141827561851323,-0.4894421904510968,0.0,1.0,0.0,0.0,1.0,0.0,0.0,1.0
0.7360482933592649,-0.3866707201133388,0.0,1.0,0.0,1.0,0.0,0.0,0.0,1.0
1.48621332874812,-0.1263453225405672,1.0,0.0,1.0,0.0,0.0,0.0,0.0,1.0
0.1359162650481808,-0.4735861242916626,1.0,0.0,0.0,0.0,1.0,0.0,0.0,1.0
0.06089976150929528,-0.5028639729296732,0.0,1.0,0.0,0.0,1.0,1.0,0.0,0.0
0.06089976150929528,-0.1621689579829361,1.0,0.0,0.0,0.0,1.0,0.0,0.0,1.0
0.36096577566483734,-0.3866707201133388,0.0,1.0,0.0,1.0,0.0,0.0,0.0,1.0
0.1359162650481808,-0.11988611489111134,1.0,0.0,0.0,1.0,0.0,0.0,0.0,1.0
-1.3644138057295294,1.7677408088510642,0.0,1.0,1.0,0.0,0.0,0.0,0.0,1.0
-2.158088413170938,-0.47694056317694733,0.0,1.0,0.0,0.0,1.0,1.0,0.0,0.0
-0.16414974910736124,-0.5079822104125026,0.0,1.0,0.0,0.0,1.0,0.0,0.0,1.0
0.1359162650481808,-0.4918744606632361,0.0,1.0,0.0,0.0,1.0,0.0,0.0,1.0
0.7360482933592649,-0.6484216535389205,0.0,1.0,1.0,0.0,0.0,0.0,0.0,1.0
-0.8392982809573308,-0.4918744606632361,1.0,0.0,0.0,0.0,1.0,0.0,0.0,1.0
0.7360482933592649,-0.3866707201133388,0.0,1.0,0.0,1.0,0.0,0.0,0.0,1.0
0.28594927212595184,0.4207302360686478,1.0,0.0,1.0,0.0,0.0,0.0,0.0,1.0
-0.23916625264624677,-0.4896093083547455,0.0,1.0,0.0,0.0,1.0,0.0,0.0,1.0
0.7360482933592649,-0.1621689579829361,0.0,1.0,0.0,0.0,1.0,0.0,0.0,1.0
0.43598227920372284,-0.43700743807979686,0.0,1.0,0.0,1.0,0.0,0.0,0.0,1.0
-1.739496323423957,-0.01870931177853076,1.0,0.0,0.0,0.0,1.0,0.0,0.0,1.0
0.09840801327873805,-0.4863374216869257,0.0,1.0,0.0,0.0,1.0,0.0,0.0,1.0
0.9610978039759215,-0.6484216535389205,0.0,1.0,1.0,0.0,0.0,0.0,0.0,1.0
-0.4642157632629033,-0.4888542575852486,1.0,0.0,0.0,0.0,1.0,0.0,0.0,1.0
0.1359162650481808,0.09664633805084172,0.0,1.0,0.0,1.0,0.0,1.0,0.0,0.0
1.036114307514807,-0.5185529211854588,0.0,1.0,0.0,0.0,1.0,0.0,0.0,1.0
-1.439430309268415,-0.08666388103324908,0.0,1.0,0.0,0.0,1.0,0.0,0.0,1.0
1.7112628393647766,1.2341715984066093,1.0,0.0,1.0,0.0,0.0,0.0,0.0,1.0
-0.16414974910736124,-0.47400492578514347,0.0,1.0,0.0,0.0,1.0,0.0,0.0,1.0
0.6610317898203794,-0.6484216535389205,0.0,1.0,1.0,0.0,0.0,0.0,0.0,1.0
-0.16414974910736124,-0.397241430886295,1.0,0.0,0.0,0.0,1.0,0.0,0.0,1.0
-2.039562337579499,0.1506737441786005,0.0,1.0,0.0,0.0,1.0,0.0,0.0,1.0
-0.3141827561851323,-0.5084855775921673,0.0,1.0,0.0,0.0,1.0,0.0,1.0,0.0
-0.3141827561851323,0.48910360681684706,0.0,1.0,0.0,0.0,1.0,0.0,0.0,1.0
-2.1145788411183846,0.09664633805084172,0.0,1.0,0.0,1.0,0.0,1.0,0.0,0.0
-0.3141827561851323,-0.49237782784290063,0.0,1.0,0.0,0.0,1.0,0.0,1.0,0.0
2.461427874753632,0.962353321387736,1.0,0.0,1.0,0.0,0.0,0.0,0.0,1.0
-1.0643477915739874,-0.3573908580066095,1.0,0.0,0.0,0.0,1.0,1.0,0.0,0.0
-2.127331646719995,-0.2708962687904854,0.0,1.0,0.0,1.0,0.0,0.0,0.0,1.0
-0.3141827561851323,-0.5028639729296732,0.0,1.0,0.0,0.0,1.0,1.0,0.0,0.0
-0.4642157632629033,-0.4902797934380587,0.0,1.0,0.0,0.0,1.0,0.0,0.0,1.0
-0.8392982809573308,-0.48130374989027985,0.0,1.0,0.0,0.0,1.0,0.0,0.0,1.0
0.7360482933592649,1.0259447039291216,1.0,0.0,1.0,0.0,0.0,1.0,0.0,0.0
-0.6142487703406744,-0.47400492578514347,0.0,1.0,0.0,0.0,1.0,0.0,0.0,1.0
-0.3141827561851323,-0.4863374216869257,0.0,1.0,0.0,0.0,1.0,0.0,0.0,1.0
0.2109327685870663,0.48910360681684706,0.0,1.0,0.0,0.0,1.0,0.0,0.0,1.0
0.9610978039759215,-0.05042144409739929,0.0,1.0,1.0,0.0,0.0,1.0,0.0,0.0
-0.6892652738795598,-0.4888542575852486,0.0,1.0,0.0,0.0,1.0,0.0,0.0,1.0
-0.989331288035102,-0.43700743807979686,0.0,1.0,0.0,1.0,0.0,0.0,0.0,1.0
0.06089976150929528,-0.024246350754841113,1.0,0.0,1.0,0.0,0.0,1.0,0.0,0.0
0.3984740274342801,-0.5188046047752911,0.0,1.0,0.0,0.0,1.0,1.0,0.0,0.0
-0.9143147844962164,-0.47400492578514347,0.0,1.0,0.0,0.0,1.0,0.0,0.0,1.0
0.9610978039759215,-0.49640476528021726,0.0,1.0,0.0,0.0,1.0,0.0,0.0,1.0
-0.3141827561851323,0.7519458402879414,0.0,1.0,0.0,0.0,1.0,0.0,0.0,1.0
0.43598227920372284,-0.4894421904510968,0.0,1.0,0.0,0.0,1.0,1.0,0.0,0.0
-0.08913324556847574,0.016023023618325298,0.0,1.0,0.0,1.0,0.0,0.0,0.0,1.0
0.5109987827426083,1.145663540471827,1.0,0.0,1.0,0.0,0.0,1.0,0.0,0.0
-1.889529330501728,-0.01870931177853076,0.0,1.0,0.0,0.0,1.0,0.0,0.0,1.0
3.361625917220258,-0.4918744606632361,0.0,1.0,0.0,0.0,1.0,0.0,0.0,1.0
-1.5144468128073005,-0.3414522396297103,1.0,0.0,0.0,0.0,1.0,1.0,0.0,0.0
-0.989331288035102,0.14488502161245778,1.0,0.0,1.0,0.0,0.0,0.0,0.0,1.0
1.1111308110536924,-0.12491978668775715,1.0,0.0,0.0,1.0,0.0,0.0,0.0,1.0
-0.8392982809573308,-0.4601623283443675,1.0,0.0,0.0,0.0,1.0,0.0,0.0,1.0
1.186147314592578,2.671117778445337,1.0,0.0,1.0,0.0,0.0,0.0,0.0,1.0
1.6362463358258912,-0.11384570873513637,0.0,1.0,1.0,0.0,0.0,0.0,0.0,1.0
-0.3891992597240178,-0.26066180729354516,1.0,0.0,0.0,0.0,1.0,1.0,0.0,0.0
-0.3141827561851323,-0.5028639729296732,0.0,1.0,0.0,0.0,1.0,1.0,0.0,0.0
0.8860813004370359,-0.36435544630444866,0.0,1.0,0.0,0.0,1.0,0.0,0.0,1.0
-0.6142487703406744,-0.41687275089321363,0.0,1.0,0.0,1.0,0.0,0.0,0.0,1.0
1.4111968252092346,-0.1263453225405672,1.0,0.0,1.0,0.0,0.0,0.0,0.0,1.0
-0.5392322668017888,0.7519458402879414,1.0,0.0,0.0,0.0,1.0,0.0,0.0,1.0
-0.3891992597240178,-0.3866707201133388,0.0,1.0,0.0,1.0,0.0,0.0,0.0,1.0
0.9610978039759215,-0.3866707201133388,1.0,0.0,0.0,1.0,0.0,0.0,0.0,1.0
-0.16414974910736124,-0.3693891181010945,1.0,0.0,0.0,1.0,0.0,1.0,0.0,0.0
0.1359162650481808,0.3682954836973478,0.0,1.0,1.0,0.0,0.0,0.0,0.0,1.0
-0.3141827561851323,-0.45714212526638004,0.0,1.0,0.0,0.0,1.0,0.0,0.0,1.0
-1.889529330501728,-0.4242561406845337,0.0,1.0,0.0,0.0,1.0,0.0,0.0,1.0
-0.23916625264624677,-0.4894421904510968,0.0,1.0,0.0,0.0,1.0,0.0,0.0,1.0
1.336180321670349,0.40974072380221066,1.0,0.0,1.0,0.0,0.0,0.0,0.0,1.0
0.28594927212595184,-0.5477482176060045,0.0,1.0,1.0,0.0,0.0,0.0,0.0,1.0
1.336180321670349,-0.46720946885967163,0.0,1.0,0.0,0.0,1.0,0.0,0.0,1.0
-0.08913324556847574,-0.16518916106092355,1.0,0.0,0.0,1.0,0.0,1.0,0.0,0.0
-1.0643477915739874,-0.5029485386158568,1.0,0.0,0.0,0.0,1.0,1.0,0.0,0.0
-0.6892652738795598,-0.45017955043725955,0.0,1.0,0.0,0.0,1.0,0.0,0.0,1.0
-0.7642817774184454,-0.4894421904510968,0.0,1.0,0.0,0.0,1.0,0.0,0.0,1.0
-0.3141827561851323,-0.4894421904510968,0.0,1.0,0.0,0.0,1.0,0.0,0.0,1.0
2.0113288535203186,1.0259447039291216,1.0,0.0,1.0,0.0,0.0,1.0,0.0,0.0
-0.3141827561851323,-0.12491978668775715,1.0,0.0,0.0,1.0,0.0,0.0,0.0,1.0
0.28594927212595184,-0.4894421904510968,0.0,1.0,0.0,0.0,1.0,0.0,0.0,1.0
-0.5392322668017888,-0.4366711888037809,1.0,0.0,0.0,0.0,1.0,0.0,0.0,1.0
-0.08913324556847574,-0.43700743807979686,0.0,1.0,0.0,1.0,0.0,0.0,0.0,1.0
-0.3141827561851323,-0.5064721088735089,0.0,1.0,0.0,0.0,1.0,0.0,0.0,1.0
0.7360482933592649,-0.06199888922968463,1.0,0.0,0.0,0.0,1.0,0.0,1.0,0.0
-0.16414974910736124,-0.3866707201133388,0.0,1.0,0.0,1.0,0.0,0.0,0.0,1.0
-0.7642817774184454,-0.04438103794142432,1.0,0.0,1.0,0.0,0.0,0.0,0.0,1.0
-0.5392322668017888,-0.17626323901354432,1.0,0.0,0.0,0.0,1.0,0.0,0.0,1.0
-0.23916625264624677,-0.04438103794142432,0.0,1.0,1.0,0.0,0.0,1.0,0.0,0.0
0.2109327685870663,-0.49237782784290063,0.0,1.0,0.0,0.0,1.0,0.0,1.0,0.0
